[this.name:金萨岛伊斯兰风情餐吧天钥桥路店],[this.address:徐汇区天钥桥路333号腾飞大厦218室(近南丹东路)],[this.telephone:021-64260901  ],[this.averageCost:71],[this.openTime:null],[this.closeTime:null],[this.description:null],[this.fuwu:0],[this.huanjing:0],[this.kouwei:0],[this.xingjiabi:0],[this.grade:96%],[this.markedCount:0],[this.nickName:null],[this.cateType:null],[this.enable:false],[this.joinedDate:Mon Jul 22 20:27:14 CST 2013],[this.tags:[拌面, 羊肉串, 大盘鸡, 酸奶, 风味羊排]],[this.teses:null]
[this.name:西贝西北菜金桥店],[this.address:浦东新区张杨路3611弄金桥国际商业广场1座4层(金桥路口)],[this.telephone:021-58752999  ],[this.averageCost:70],[this.openTime:null],[this.closeTime:null],[this.description:null],[this.fuwu:0],[this.huanjing:0],[this.kouwei:0],[this.xingjiabi:0],[this.grade:84%],[this.markedCount:0],[this.nickName:null],[this.cateType:null],[this.enable:false],[this.joinedDate:Mon Jul 22 20:27:12 CST 2013],[this.tags:[烤羊棒, 酸奶, 羊排, 莜面, 莜面鱼鱼, 豆腐]],[this.teses:null]
[this.name:耶里夏丽新疆餐厅天山店],[this.address:长宁区天山路655号(近芙蓉江路)],[this.telephone:021-62748367  ],[this.averageCost:45],[this.openTime:null],[this.closeTime:null],[this.description:null],[this.fuwu:0],[this.huanjing:0],[this.kouwei:0],[this.xingjiabi:0],[this.grade:100%],[this.markedCount:0],[this.nickName:null],[this.cateType:null],[this.enable:false],[this.joinedDate:Mon Jul 22 20:27:15 CST 2013],[this.tags:[烤羊腿, 羊肉炒饭, 羊肉串, 羊肉薄饼]],[this.teses:null]
[this.name:东来顺饭庄石门二路店],[this.address:静安区石门二路215号(近新闸路)],[this.telephone:021-52287877  ],[this.averageCost:65],[this.openTime:null],[this.closeTime:null],[this.description:null],[this.fuwu:0],[this.huanjing:0],[this.kouwei:0],[this.xingjiabi:0],[this.grade:95%],[this.markedCount:0],[this.nickName:null],[this.cateType:null],[this.enable:false],[this.joinedDate:Mon Jul 22 20:27:12 CST 2013],[this.tags:[羊肉, 火锅, 酸梅汤, 冰糖葫芦, 东来顺羊肉]],[this.teses:null]
[this.name:西贝西北菜东方路店],[this.address:浦东新区东方路1535号(浦建路口)],[this.telephone:021-58752999  ],[this.averageCost:80],[this.openTime:null],[this.closeTime:null],[this.description:null],[this.fuwu:0],[this.huanjing:0],[this.kouwei:0],[this.xingjiabi:0],[this.grade:100%],[this.markedCount:0],[this.nickName:null],[this.cateType:null],[this.enable:false],[this.joinedDate:Mon Jul 22 20:27:13 CST 2013],[this.tags:[羊肉, 羊棒, 羊排不错, 西贝面筋, 苦荞茶]],[this.teses:null]
[this.name:漫驼铃西域餐厅],[this.address:浦东新区张杨路601号浦东国际美食城3层(近南泉北路)],[this.telephone:021-58361678  ],[this.averageCost:47],[this.openTime:null],[this.closeTime:null],[this.description:null],[this.fuwu:0],[this.huanjing:0],[this.kouwei:0],[this.xingjiabi:0],[this.grade:100%],[this.markedCount:0],[this.nickName:null],[this.cateType:null],[this.enable:false],[this.joinedDate:Mon Jul 22 20:27:14 CST 2013],[this.tags:[孜然羊肉夹馍, 罐罐鸡, 羊肉串, 西辣茄]],[this.teses:null]
[this.name:虹口伊斯兰餐厅],[this.address:虹口区四川北路2035号(长春路口)],[this.telephone:021-56660045  ],[this.averageCost:13],[this.openTime:null],[this.closeTime:null],[this.description:null],[this.fuwu:0],[this.huanjing:0],[this.kouwei:0],[this.xingjiabi:0],[this.grade:96%],[this.markedCount:0],[this.nickName:null],[this.cateType:null],[this.enable:false],[this.joinedDate:Mon Jul 22 20:27:14 CST 2013],[this.tags:[牛肉锅贴, 牛肉汤, 年糕团, 酸辣汤]],[this.teses:null]
[this.name:新疆风味饭馆维吾尔餐厅宜山店],[this.address:徐汇区宜山路280号(南丹路蒲汇塘路间)],[this.telephone:021-64689198  ],[this.averageCost:60],[this.openTime:null],[this.closeTime:null],[this.description:null],[this.fuwu:0],[this.huanjing:0],[this.kouwei:0],[this.xingjiabi:0],[this.grade:96%],[this.markedCount:0],[this.nickName:null],[this.cateType:null],[this.enable:false],[this.joinedDate:Mon Jul 22 20:27:11 CST 2013],[this.tags:[大盘鸡, 羊排, 烤全羊, 馕包肉, 奶茶]],[this.teses:null]
[this.name:大天池餐厅赤峰店],[this.address:虹口区赤峰路184号],[this.telephone:021-65987464  ],[this.averageCost:36],[this.openTime:null],[this.closeTime:null],[this.description:null],[this.fuwu:0],[this.huanjing:0],[this.kouwei:0],[this.xingjiabi:0],[this.grade:92%],[this.markedCount:0],[this.nickName:null],[this.cateType:null],[this.enable:false],[this.joinedDate:Mon Jul 22 20:27:15 CST 2013],[this.tags:[羊肉串, 大盘鸡, 丁丁炒面, 过油肉拌面]],[this.teses:null]
[this.name:耶里夏丽新疆餐厅田林店],[this.address:徐汇区田林东路411号(近钦州路)],[this.telephone:021-64519797  ],[this.averageCost:44],[this.openTime:null],[this.closeTime:null],[this.description:null],[this.fuwu:0],[this.huanjing:0],[this.kouwei:0],[this.xingjiabi:0],[this.grade:97%],[this.markedCount:0],[this.nickName:null],[this.cateType:null],[this.enable:false],[this.joinedDate:Mon Jul 22 20:27:11 CST 2013],[this.tags:[羊肉串, 煲仔饭, 大盘鸡, 烤羊排]],[this.teses:null]
[this.name:清真牛羊成群饭店],[this.address:卢湾区鲁班路353号],[this.telephone:021-63054473  ],[this.averageCost:37],[this.openTime:null],[this.closeTime:null],[this.description:null],[this.fuwu:0],[this.huanjing:0],[this.kouwei:0],[this.xingjiabi:0],[this.grade:57%],[this.markedCount:0],[this.nickName:null],[this.cateType:null],[this.enable:false],[this.joinedDate:Mon Jul 22 20:27:17 CST 2013],[this.tags:[手抓饭, 羊肉串, 新疆批萨, 烤羊排, 酸奶]],[this.teses:null]
[this.name:虹临鲜鸡鲜鱼坊],[this.address:虹口区临平路28号(飞虹路瑞虹路间)],[this.telephone:021-65410880  ],[this.averageCost:43],[this.openTime:null],[this.closeTime:null],[this.description:null],[this.fuwu:0],[this.huanjing:0],[this.kouwei:0],[this.xingjiabi:0],[this.grade:],[this.markedCount:0],[this.nickName:null],[this.cateType:null],[this.enable:false],[this.joinedDate:Mon Jul 22 20:27:26 CST 2013],[this.tags:[酸菜鱼, 辣子鸡, 水煮鲶鱼, 口水鸡, 沸腾鱼]],[this.teses:null]
[this.name:正宗兰州拉面],[this.address:静安区华山路498号],[this.telephone:021-62495392  ],[this.averageCost:8],[this.openTime:null],[this.closeTime:null],[this.description:null],[this.fuwu:0],[this.huanjing:0],[this.kouwei:0],[this.xingjiabi:0],[this.grade:94%],[this.markedCount:0],[this.nickName:null],[this.cateType:null],[this.enable:false],[this.joinedDate:Mon Jul 22 20:27:27 CST 2013],[this.tags:[牛肉拉面, 刀削面, 拌面, 炒刀削, 红豆蛋挞]],[this.teses:null]
[this.name:辛巴达新疆餐厅大宁国际广场店],[this.address:闸北区共和新路2008号大宁国际商业广场12栋大润发5层美食世界(近大宁路)],[this.telephone:021-61176050  ],[this.averageCost:61],[this.openTime:null],[this.closeTime:null],[this.description:null],[this.fuwu:0],[this.huanjing:0],[this.kouwei:0],[this.xingjiabi:0],[this.grade:75%],[this.markedCount:0],[this.nickName:null],[this.cateType:null],[this.enable:false],[this.joinedDate:Mon Jul 22 20:27:23 CST 2013],[this.tags:[羊肉串, 番茄羊肉汤, 奶茶, 手撕羊腿]],[this.teses:null]
[this.name:合味浓情],[this.address:长宁区延安西路638号],[this.telephone:021-62129038  ],[this.averageCost:30],[this.openTime:null],[this.closeTime:null],[this.description:null],[this.fuwu:0],[this.huanjing:0],[this.kouwei:0],[this.xingjiabi:0],[this.grade:100%],[this.markedCount:0],[this.nickName:null],[this.cateType:null],[this.enable:false],[this.joinedDate:Mon Jul 22 20:27:20 CST 2013],[this.tags:[大盘鸡, 羊肉串, 戈壁羊排, 手抓饭]],[this.teses:null]
[this.name:敦煌楼牛肉拉面],[this.address:普陀区中山北路2212号],[this.telephone:021-52904792  ],[this.averageCost:21],[this.openTime:null],[this.closeTime:null],[this.description:null],[this.fuwu:0],[this.huanjing:0],[this.kouwei:0],[this.xingjiabi:0],[this.grade:85%],[this.markedCount:0],[this.nickName:null],[this.cateType:null],[this.enable:false],[this.joinedDate:Mon Jul 22 20:27:18 CST 2013],[this.tags:[牛肉拉面, 牛肉面, 甜胚, 酿皮, 手抓羊肉]],[this.teses:null]
[this.name:耶里夏丽新疆餐厅枫林店],[this.address:徐汇区枫林路147号(近清真路)],[this.telephone:021-64038882  ],[this.averageCost:54],[this.openTime:null],[this.closeTime:null],[this.description:null],[this.fuwu:0],[this.huanjing:0],[this.kouwei:0],[this.xingjiabi:0],[this.grade:100%],[this.markedCount:0],[this.nickName:null],[this.cateType:null],[this.enable:false],[this.joinedDate:Mon Jul 22 20:27:17 CST 2013],[this.tags:[酸奶, 丁丁炒面, 大盆鸡, 酸辣羊肚汤]],[this.teses:null]
[this.name:艾提尕尔清真馆昌平路店],[this.address:静安区昌平路665号],[this.telephone:021-62997887  ],[this.averageCost:41],[this.openTime:null],[this.closeTime:null],[this.description:null],[this.fuwu:0],[this.huanjing:0],[this.kouwei:0],[this.xingjiabi:0],[this.grade:100%],[this.markedCount:0],[this.nickName:null],[this.cateType:null],[this.enable:false],[this.joinedDate:Mon Jul 22 20:27:26 CST 2013],[this.tags:[新疆拌面, 丁丁炒面, 鸡脆骨, 炒面片]],[this.teses:null]
[this.name:塔哈尔-新疆盛宴剑河路店],[this.address:长宁区剑河路520号(近西郊百联)],[this.telephone:021-52199997  ],[this.averageCost:58],[this.openTime:null],[this.closeTime:null],[this.description:null],[this.fuwu:0],[this.huanjing:0],[this.kouwei:0],[this.xingjiabi:0],[this.grade:100%],[this.markedCount:0],[this.nickName:null],[this.cateType:null],[this.enable:false],[this.joinedDate:Mon Jul 22 20:27:24 CST 2013],[this.tags:[大盘鸡, 酸奶, 烤羊腿, 新疆凉皮, 烤鸡翅]],[this.teses:null]
[this.name:艾尼巴亿餐厅虹口店],[this.address:曲阳路777号(丝绸之路大酒店20楼)],[this.telephone:021-65545054  ],[this.averageCost:34],[this.openTime:null],[this.closeTime:null],[this.description:null],[this.fuwu:0],[this.huanjing:0],[this.kouwei:0],[this.xingjiabi:0],[this.grade:100%],[this.markedCount:0],[this.nickName:null],[this.cateType:null],[this.enable:false],[this.joinedDate:Mon Jul 22 20:27:21 CST 2013],[this.tags:[羊肉串, 手抓羊肉, 肉拌面, 大盘鸡, 烤包子]],[this.teses:null]
[this.name:穆斯林饮食店浙江中路店],[this.address:黄浦区浙江中路70号甲(北海路与广东路交汇处)],[this.telephone:021-63229037  ],[this.averageCost:13],[this.openTime:null],[this.closeTime:null],[this.description:null],[this.fuwu:0],[this.huanjing:0],[this.kouwei:0],[this.xingjiabi:0],[this.grade:94%],[this.markedCount:0],[this.nickName:null],[this.cateType:null],[this.enable:false],[this.joinedDate:Mon Jul 22 20:27:34 CST 2013],[this.tags:[牛肉锅贴, 羊肉汤, 牛肉面, 羊蹄, 羊头肉]],[this.teses:null]
[this.name:赛俩目清真饭店徐家汇店],[this.address:南丹东路106号],[this.telephone:021-64686079  ],[this.averageCost:66],[this.openTime:null],[this.closeTime:null],[this.description:null],[this.fuwu:0],[this.huanjing:0],[this.kouwei:0],[this.xingjiabi:0],[this.grade:100%],[this.markedCount:0],[this.nickName:null],[this.cateType:null],[this.enable:false],[this.joinedDate:Mon Jul 22 20:27:30 CST 2013],[this.tags:[烤羊腿, 酸辣土豆丝, 羊肉串, 金牌羊肉串]],[this.teses:null]
[this.name:艾提尕尔清真馆康定路店],[this.address:静安区康定路338号(近江宁路)],[this.telephone:021-62997887  ],[this.averageCost:31],[this.openTime:null],[this.closeTime:null],[this.description:null],[this.fuwu:0],[this.huanjing:0],[this.kouwei:0],[this.xingjiabi:0],[this.grade:100%],[this.markedCount:0],[this.nickName:null],[this.cateType:null],[this.enable:false],[this.joinedDate:Mon Jul 22 20:27:33 CST 2013],[this.tags:[烤鸡心, 骨肉相连, 大盘鸡]],[this.teses:null]
[this.name:塔哈尔-新疆盛宴梅川店],[this.address:普陀区梅川路1275号11(近真光路)],[this.telephone:021-51621555  ],[this.averageCost:58],[this.openTime:null],[this.closeTime:null],[this.description:null],[this.fuwu:0],[this.huanjing:0],[this.kouwei:0],[this.xingjiabi:0],[this.grade:100%],[this.markedCount:0],[this.nickName:null],[this.cateType:null],[this.enable:false],[this.joinedDate:Mon Jul 22 20:27:31 CST 2013],[this.tags:[大盘鸡, 烤鸡翅, 酸奶, 椒麻鸡, 过油肉拌面]],[this.teses:null]
[this.name:稻草屋],[this.address:浦东新区松林路69号(近商城路)],[this.telephone:021-58827570  ],[this.averageCost:39],[this.openTime:null],[this.closeTime:null],[this.description:null],[this.fuwu:0],[this.huanjing:0],[this.kouwei:0],[this.xingjiabi:0],[this.grade:100%],[this.markedCount:0],[this.nickName:null],[this.cateType:null],[this.enable:false],[this.joinedDate:Mon Jul 22 20:27:35 CST 2013],[this.tags:[手抓羊肉, 刀削面, 老虎菜, 牛肉拉面]],[this.teses:null]
[this.name:毛胡子牛羊馆],[this.address:普陀区武宁路2132号(近杨柳青路)],[this.telephone:021-52817461  ],[this.averageCost:22],[this.openTime:null],[this.closeTime:null],[this.description:null],[this.fuwu:0],[this.huanjing:0],[this.kouwei:0],[this.xingjiabi:0],[this.grade:100%],[this.markedCount:0],[this.nickName:null],[this.cateType:null],[this.enable:false],[this.joinedDate:Mon Jul 22 20:27:35 CST 2013],[this.tags:[全翅, 羊排, 牛板筋, 羊肉串, 烤鱿鱼]],[this.teses:null]
[this.name:耶里夏丽肇嘉浜路店],[this.address:徐汇区肇嘉浜路680号金钟大厦2号楼],[this.telephone:021-64668388  ],[this.averageCost:78],[this.openTime:null],[this.closeTime:null],[this.description:null],[this.fuwu:0],[this.huanjing:0],[this.kouwei:0],[this.xingjiabi:0],[this.grade:100%],[this.markedCount:0],[this.nickName:null],[this.cateType:null],[this.enable:false],[this.joinedDate:Mon Jul 22 20:27:34 CST 2013],[this.tags:[羊肉串, 大盘鸡, 凉皮, 丁丁炒面, 奶茶]],[this.teses:null]
[this.name:复旦大学北区清真食堂],[this.address:杨浦区邯郸路220号],[this.telephone:021-65642222  ],[this.averageCost:6],[this.openTime:null],[this.closeTime:null],[this.description:null],[this.fuwu:0],[this.huanjing:0],[this.kouwei:0],[this.xingjiabi:0],[this.grade:100%],[this.markedCount:0],[this.nickName:null],[this.cateType:null],[this.enable:false],[this.joinedDate:Mon Jul 22 20:27:38 CST 2013],[this.tags:[羊肉泡馍, 新疆拌面, 羊肉暖锅, 牛肉]],[this.teses:null]
[this.name:浦东清真饭店历城店],[this.address:浦东新区历城路121号],[this.telephone:021-58474570  ],[this.averageCost:24],[this.openTime:null],[this.closeTime:null],[this.description:null],[this.fuwu:0],[this.huanjing:0],[this.kouwei:0],[this.xingjiabi:0],[this.grade:100%],[this.markedCount:0],[this.nickName:null],[this.cateType:null],[this.enable:false],[this.joinedDate:Mon Jul 22 20:27:35 CST 2013],[this.tags:[烤羊肉串, 羊肉串, 烧烤, 大盘鸡, 拉条子]],[this.teses:null]
[this.name:帕米尔],[this.address:黄浦区浙江中路205号(近福州路)],[this.telephone:021-63225664  ],[this.averageCost:32],[this.openTime:null],[this.closeTime:null],[this.description:null],[this.fuwu:0],[this.huanjing:0],[this.kouwei:0],[this.xingjiabi:0],[this.grade:71%],[this.markedCount:0],[this.nickName:null],[this.cateType:null],[this.enable:false],[this.joinedDate:Mon Jul 22 20:27:35 CST 2013],[this.tags:[羊肉菜米饭, 炒面, 羊肉汤, 过油肉拌面]],[this.teses:null]
[this.name:新疆伊犁餐厅],[this.address:地址:黄浦区云南南路5号],[this.telephone:],[this.averageCost:44],[this.openTime:null],[this.closeTime:null],[this.description:null],[this.fuwu:0],[this.huanjing:0],[this.kouwei:0],[this.xingjiabi:0],[this.grade:100%],[this.markedCount:0],[this.nickName:null],[this.cateType:null],[this.enable:false],[this.joinedDate:Mon Jul 22 20:27:45 CST 2013],[this.tags:[丁丁炒面, 羊肉串, 大盘鸡, 烤羊肉串]],[this.teses:null]
[this.name:阿凡提美食娱乐城],[this.address:虹口区曲阳路775号天山宾馆b1楼(近中山北二路)],[this.telephone:021-65559604  ],[this.averageCost:],[this.openTime:null],[this.closeTime:null],[this.description:null],[this.fuwu:0],[this.huanjing:0],[this.kouwei:0],[this.xingjiabi:0],[this.grade:],[this.markedCount:0],[this.nickName:null],[this.cateType:null],[this.enable:false],[this.joinedDate:Mon Jul 22 20:27:44 CST 2013],[this.tags:[酸奶, 大盘鸡, 干煸馕, 烤羊肉串, 羊肉串]],[this.teses:null]
[this.name:新疆人特色菜东川路店],[this.address:闵行区东川路897-22号],[this.telephone:021-54705130  ],[this.averageCost:32],[this.openTime:null],[this.closeTime:null],[this.description:null],[this.fuwu:0],[this.huanjing:0],[this.kouwei:0],[this.xingjiabi:0],[this.grade:100%],[this.markedCount:0],[this.nickName:null],[this.cateType:null],[this.enable:false],[this.joinedDate:Mon Jul 22 20:27:43 CST 2013],[this.tags:[小盘鸡, 大盘鸡, 丁丁炒面, 羊肉串, 馕包肉]],[this.teses:null]
[this.name:鸿宾楼],[this.address:静安区万航渡路75号(近北京西路)],[this.telephone:021-62885778  ],[this.averageCost:78],[this.openTime:null],[this.closeTime:null],[this.description:null],[this.fuwu:0],[this.huanjing:0],[this.kouwei:0],[this.xingjiabi:0],[this.grade:50%],[this.markedCount:0],[this.nickName:null],[this.cateType:null],[this.enable:false],[this.joinedDate:Mon Jul 22 20:27:39 CST 2013],[this.tags:[烤羊排, 牛肉煎包, 锅贴, 菜色拉, 鸡汁鱼球]],[this.teses:null]
[this.name:艾尼巴巴餐厅闵行店],[this.address:闵行区梅陇西路1555号],[this.telephone:021-54995731  ],[this.averageCost:30],[this.openTime:null],[this.closeTime:null],[this.description:null],[this.fuwu:0],[this.huanjing:0],[this.kouwei:0],[this.xingjiabi:0],[this.grade:100%],[this.markedCount:0],[this.nickName:null],[this.cateType:null],[this.enable:false],[this.joinedDate:Mon Jul 22 20:27:43 CST 2013],[this.tags:[羊肉串, 囊包肉, 红烧羊排, 新疆面片]],[this.teses:null]
[this.name:怡妮新疆风味东江湾店],[this.address:虹口区东江湾路98号(近宝山路)],[this.telephone:021-56666057  ],[this.averageCost:38],[this.openTime:null],[this.closeTime:null],[this.description:null],[this.fuwu:0],[this.huanjing:0],[this.kouwei:0],[this.xingjiabi:0],[this.grade:100%],[this.markedCount:0],[this.nickName:null],[this.cateType:null],[this.enable:false],[this.joinedDate:Mon Jul 22 20:27:43 CST 2013],[this.tags:[大盘鸡, 羊肉串, 羊肉抓饭, 丁丁炒面]],[this.teses:null]
[this.name:清梅居],[this.address:黄浦区凤阳路313号(近新昌路)],[this.telephone:021-63582969  ],[this.averageCost:63],[this.openTime:null],[this.closeTime:null],[this.description:null],[this.fuwu:0],[this.huanjing:0],[this.kouwei:0],[this.xingjiabi:0],[this.grade:100%],[this.markedCount:0],[this.nickName:null],[this.cateType:null],[this.enable:false],[this.joinedDate:Mon Jul 22 20:27:42 CST 2013],[this.tags:[热气羊肉, 牛筋丸, 羊肉, 鱼丸, 蛋饺]],[this.teses:null]
[this.name:长风清真馆],[this.address:普陀区枣阳路404号(近金沙江路)],[this.telephone:  13918582404],[this.averageCost:15],[this.openTime:null],[this.closeTime:null],[this.description:null],[this.fuwu:0],[this.huanjing:0],[this.kouwei:0],[this.xingjiabi:0],[this.grade:40%],[this.markedCount:0],[this.nickName:null],[this.cateType:null],[this.enable:false],[this.joinedDate:Mon Jul 22 20:27:44 CST 2013],[this.tags:[小盘鸡, 羊肉, 酸辣汤, 羊筋, 羊肉串]],[this.teses:null]
[this.name:西域美食楼龙汇路店],[this.address:浦东新区龙汇路300号(新都汇美食街107)],[this.telephone:021-50423459  ],[this.averageCost:54],[this.openTime:null],[this.closeTime:null],[this.description:null],[this.fuwu:0],[this.huanjing:0],[this.kouwei:0],[this.xingjiabi:0],[this.grade:75%],[this.markedCount:0],[this.nickName:null],[this.cateType:null],[this.enable:false],[this.joinedDate:Mon Jul 22 20:27:44 CST 2013],[this.tags:[自制酸奶, 大盘鸡, 羊蝎子, 馕包肉]],[this.teses:null]
[this.name:荣章羊肉馆],[this.address:杨浦区内江路384弄20号甲(近周家嘴路)],[this.telephone:021-65661248  ],[this.averageCost:],[this.openTime:null],[this.closeTime:null],[this.description:null],[this.fuwu:0],[this.huanjing:0],[this.kouwei:0],[this.xingjiabi:0],[this.grade:],[this.markedCount:0],[this.nickName:null],[this.cateType:null],[this.enable:false],[this.joinedDate:Mon Jul 22 20:27:42 CST 2013],[this.tags:[鱼豆腐, 羊肉, 冻豆腐, 羊肉、冻豆腐]],[this.teses:null]
[this.name:清真三江源拉面馆],[this.address:虹口区武进路246号(近乍浦路)],[this.telephone:021-63247575  ],[this.averageCost:8],[this.openTime:null],[this.closeTime:null],[this.description:null],[this.fuwu:0],[this.huanjing:0],[this.kouwei:0],[this.xingjiabi:0],[this.grade:],[this.markedCount:0],[this.nickName:null],[this.cateType:null],[this.enable:false],[this.joinedDate:Mon Jul 22 20:27:53 CST 2013],[this.tags:[牛肉拉面]],[this.teses:null]
[this.name:西北风味],[this.address:黄浦区汉口路589号(近浙江中路)],[this.telephone:021-63229031  ],[this.averageCost:35],[this.openTime:null],[this.closeTime:null],[this.description:null],[this.fuwu:0],[this.huanjing:0],[this.kouwei:0],[this.xingjiabi:0],[this.grade:100%],[this.markedCount:0],[this.nickName:null],[this.cateType:null],[this.enable:false],[this.joinedDate:Mon Jul 22 20:27:52 CST 2013],[this.tags:[羊肉串, 手抓羊肉饭, 大盘鸡, 烤羊排]],[this.teses:null]
[this.name:塔哈尔-新疆盛宴徐家汇店],[this.address:徐汇区斜土路2701号102(星游城对面)],[this.telephone:021-61115977  ],[this.averageCost:60],[this.openTime:null],[this.closeTime:null],[this.description:null],[this.fuwu:0],[this.huanjing:0],[this.kouwei:0],[this.xingjiabi:0],[this.grade:100%],[this.markedCount:0],[this.nickName:null],[this.cateType:null],[this.enable:false],[this.joinedDate:Mon Jul 22 20:27:51 CST 2013],[this.tags:[大盘鸡, 羊肉串, 烤羊排, 一品馕, 奶茶]],[this.teses:null]
[this.name:老马拉面馆],[this.address:浦东新区川沙路5095号],[this.telephone:021-58900390  ],[this.averageCost:13],[this.openTime:null],[this.closeTime:null],[this.description:null],[this.fuwu:0],[this.huanjing:0],[this.kouwei:0],[this.xingjiabi:0],[this.grade:100%],[this.markedCount:0],[this.nickName:null],[this.cateType:null],[this.enable:false],[this.joinedDate:Mon Jul 22 20:27:52 CST 2013],[this.tags:[凉皮, 炸酱面, 牛筋, 凉拌黄瓜, 牛肉, 牛舌]],[this.teses:null]
[this.name:乐乐新疆风味餐厅],[this.address:卢湾区东台路272号(近复兴中路西藏南路)],[this.telephone:021-63849071  ],[this.averageCost:32],[this.openTime:null],[this.closeTime:null],[this.description:null],[this.fuwu:0],[this.huanjing:0],[this.kouwei:0],[this.xingjiabi:0],[this.grade:100%],[this.markedCount:0],[this.nickName:null],[this.cateType:null],[this.enable:false],[this.joinedDate:Mon Jul 22 20:27:48 CST 2013],[this.tags:[烤腰子, 过油肉拌面, 丁丁炒面, 羊肉串]],[this.teses:null]
[this.name:大胡子清真面馆],[this.address:浦东新区张江镇紫薇路165号(近张江路)],[this.telephone:021-58957753  ],[this.averageCost:8],[this.openTime:null],[this.closeTime:null],[this.description:null],[this.fuwu:0],[this.huanjing:0],[this.kouwei:0],[this.xingjiabi:0],[this.grade:100%],[this.markedCount:0],[this.nickName:null],[this.cateType:null],[this.enable:false],[this.joinedDate:Mon Jul 22 20:27:49 CST 2013],[this.tags:[牛肉拉面, 刀削面, 凉拌牛肉]],[this.teses:null]
[this.name:冬明羊肉馆],[this.address:嘉定区靖远路730号],[this.telephone:021-69119179  ],[this.averageCost:50],[this.openTime:null],[this.closeTime:null],[this.description:null],[this.fuwu:0],[this.huanjing:0],[this.kouwei:0],[this.xingjiabi:0],[this.grade:],[this.markedCount:0],[this.nickName:null],[this.cateType:null],[this.enable:false],[this.joinedDate:Mon Jul 22 20:27:53 CST 2013],[this.tags:[羊杂汤, 羊肉面, 红烧羊肉, 红烧扣羊肉]],[this.teses:null]
[this.name:兰州牛肉拉面馆],[this.address:普陀区甘泉路休闲街78号],[this.telephone:021-56946970  ],[this.averageCost:8],[this.openTime:null],[this.closeTime:null],[this.description:null],[this.fuwu:0],[this.huanjing:0],[this.kouwei:0],[this.xingjiabi:0],[this.grade:],[this.markedCount:0],[this.nickName:null],[this.cateType:null],[this.enable:false],[this.joinedDate:Mon Jul 22 20:27:52 CST 2013],[this.tags:[牛肉烩面]],[this.teses:null]
[this.name:清真大胡子烧烤],[this.address:地址:普陀区枣阳路华师大后门(近金沙...],[this.telephone:],[this.averageCost:12],[this.openTime:null],[this.closeTime:null],[this.description:null],[this.fuwu:0],[this.huanjing:0],[this.kouwei:0],[this.xingjiabi:0],[this.grade:100%],[this.markedCount:0],[this.nickName:null],[this.cateType:null],[this.enable:false],[this.joinedDate:Mon Jul 22 20:27:49 CST 2013],[this.tags:[羊肉, 羊筋, 玉米, 鸡腿, 馒头, 骨肉相连]],[this.teses:null]
[this.name:如仙旦姆],[this.address:杨浦区本溪路149号(近铁岭路)],[this.telephone:021-65042283  ],[this.averageCost:53],[this.openTime:null],[this.closeTime:null],[this.description:null],[this.fuwu:0],[this.huanjing:0],[this.kouwei:0],[this.xingjiabi:0],[this.grade:],[this.markedCount:0],[this.nickName:null],[this.cateType:null],[this.enable:false],[this.joinedDate:Mon Jul 22 20:27:53 CST 2013],[this.tags:[大盘鸡, 酸奶, 龟兹肉饼, 羊排, 羊肉串]],[this.teses:null]
[this.name:大天池餐厅政民路店],[this.address:杨浦区政民路415号(近远洋船舶供应公司)],[this.telephone:021-65114609  ],[this.averageCost:46],[this.openTime:null],[this.closeTime:null],[this.description:null],[this.fuwu:0],[this.huanjing:0],[this.kouwei:0],[this.xingjiabi:0],[this.grade:],[this.markedCount:0],[this.nickName:null],[this.cateType:null],[this.enable:false],[this.joinedDate:Mon Jul 22 20:28:02 CST 2013],[this.tags:[黄面烤肉, 大盘鸡, 羊肉串, 酸奶]],[this.teses:null]
[this.name:贯贯吉拉面],[this.address:黄浦区浙江中路70号a座(近广东路)],[this.telephone:021-63220039  ],[this.averageCost:15],[this.openTime:null],[this.closeTime:null],[this.description:null],[this.fuwu:0],[this.huanjing:0],[this.kouwei:0],[this.xingjiabi:0],[this.grade:],[this.markedCount:0],[this.nickName:null],[this.cateType:null],[this.enable:false],[this.joinedDate:Mon Jul 22 20:28:00 CST 2013],[this.tags:[牛肉拉面]],[this.teses:null]
[this.name:新疆玫瑰餐厅丰庄路店],[this.address:嘉定区丰庄路112号(金沙丽晶苑i期对面)],[this.telephone:021-59194018  ],[this.averageCost:42],[this.openTime:null],[this.closeTime:null],[this.description:null],[this.fuwu:0],[this.huanjing:0],[this.kouwei:0],[this.xingjiabi:0],[this.grade:],[this.markedCount:0],[this.nickName:null],[this.cateType:null],[this.enable:false],[this.joinedDate:Mon Jul 22 20:28:02 CST 2013],[this.tags:[烤包子, 手抓饭, 羊排, 羊肉串, 大盘鸡]],[this.teses:null]
[this.name:真康生清真面馆],[this.address:浦东新区崂山东路622号(近潍坊路)],[this.telephone:021-58203395  ],[this.averageCost:14],[this.openTime:null],[this.closeTime:null],[this.description:null],[this.fuwu:0],[this.huanjing:0],[this.kouwei:0],[this.xingjiabi:0],[this.grade:],[this.markedCount:0],[this.nickName:null],[this.cateType:null],[this.enable:false],[this.joinedDate:Mon Jul 22 20:28:01 CST 2013],[this.tags:[鸡腿, 骨肉相连, 鸡心, 羊肉汤, 红烧牛肉面]],[this.teses:null]
[this.name:清真馆上海店],[this.address:普陀区兰溪路164号(陀区中心医院边门对面，近梅岭北路)],[this.telephone:021-64569852  ],[this.averageCost:12],[this.openTime:null],[this.closeTime:null],[this.description:null],[this.fuwu:0],[this.huanjing:0],[this.kouwei:0],[this.xingjiabi:0],[this.grade:],[this.markedCount:0],[this.nickName:null],[this.cateType:null],[this.enable:false],[this.joinedDate:Mon Jul 22 20:28:01 CST 2013],[this.tags:[烧烤, 牛肉丝蛋炒饭, 羊肉串]],[this.teses:null]
[this.name:新疆塔克里玛干美食厅],[this.address:普陀区金沙江路259号(近杨柳青路)],[this.telephone:021-62233366  ],[this.averageCost:49],[this.openTime:null],[this.closeTime:null],[this.description:null],[this.fuwu:0],[this.huanjing:0],[this.kouwei:0],[this.xingjiabi:0],[this.grade:],[this.markedCount:0],[this.nickName:null],[this.cateType:null],[this.enable:false],[this.joinedDate:Mon Jul 22 20:28:01 CST 2013],[this.tags:[馕炒肉, 羊排, 大盘鸡, 羊肉串, 孜然羊肉]],[this.teses:null]
[this.name:胡杨餐厅],[this.address:徐汇区老沪闵路635号(近桂林南路)],[this.telephone:021-64238516  ],[this.averageCost:46],[this.openTime:null],[this.closeTime:null],[this.description:null],[this.fuwu:0],[this.huanjing:0],[this.kouwei:0],[this.xingjiabi:0],[this.grade:],[this.markedCount:0],[this.nickName:null],[this.cateType:null],[this.enable:false],[this.joinedDate:Mon Jul 22 20:27:55 CST 2013],[this.tags:[羊肉串, 大盘鸡, 羊肉抓饭, 自制酸奶]],[this.teses:null]
[this.name:伊源清真],[this.address:地址:松江区松江大学城二期门前外贸第...],[this.telephone:],[this.averageCost:8],[this.openTime:null],[this.closeTime:null],[this.description:null],[this.fuwu:0],[this.huanjing:0],[this.kouwei:0],[this.xingjiabi:0],[this.grade:],[this.markedCount:0],[this.nickName:null],[this.cateType:null],[this.enable:false],[this.joinedDate:Mon Jul 22 20:28:02 CST 2013],[this.tags:[牛肉拉面]],[this.teses:null]
[this.name:新疆风味饭店凯旋路店],[this.address:长宁区凯旋路532号(近安化路)],[this.telephone:021-62124321  ],[this.averageCost:35],[this.openTime:null],[this.closeTime:null],[this.description:null],[this.fuwu:0],[this.huanjing:0],[this.kouwei:0],[this.xingjiabi:0],[this.grade:],[this.markedCount:0],[this.nickName:null],[this.cateType:null],[this.enable:false],[this.joinedDate:Mon Jul 22 20:27:56 CST 2013],[this.tags:[大盘鸡, 奶茶, 过油肉拌面, 馕包肉, 羊肉串]],[this.teses:null]
[this.name:大胡子清真餐饮店],[this.address:长宁区华阳路217号(近长宁支路)],[this.telephone:021-62127837  ],[this.averageCost:44],[this.openTime:null],[this.closeTime:null],[this.description:null],[this.fuwu:0],[this.huanjing:0],[this.kouwei:0],[this.xingjiabi:0],[this.grade:],[this.markedCount:0],[this.nickName:null],[this.cateType:null],[this.enable:false],[this.joinedDate:Mon Jul 22 20:27:58 CST 2013],[this.tags:[馒头]],[this.teses:null]
[this.name:京钟清真馆],[this.address:长宁区金钟路318号],[this.telephone:021-52184716  ],[this.averageCost:16],[this.openTime:null],[this.closeTime:null],[this.description:null],[this.fuwu:0],[this.huanjing:0],[this.kouwei:0],[this.xingjiabi:0],[this.grade:100%],[this.markedCount:0],[this.nickName:null],[this.cateType:null],[this.enable:false],[this.joinedDate:Mon Jul 22 20:28:11 CST 2013],[this.tags:[]],[this.teses:null]
[this.name:宜红清真馆],[this.address:地址:普陀区宜川路218号(近延长西...],[this.telephone:],[this.averageCost:31],[this.openTime:null],[this.closeTime:null],[this.description:null],[this.fuwu:0],[this.huanjing:0],[this.kouwei:0],[this.xingjiabi:0],[this.grade:100%],[this.markedCount:0],[this.nickName:null],[this.cateType:null],[this.enable:false],[this.joinedDate:Mon Jul 22 20:28:06 CST 2013],[this.tags:[热炝牛百叶, 牛肉锅贴, 孜然羊肉]],[this.teses:null]
[this.name:驼铃新疆味道],[this.address:闵行区古美路534号(近顾戴路)],[this.telephone:021-51768817  ],[this.averageCost:42],[this.openTime:null],[this.closeTime:null],[this.description:null],[this.fuwu:0],[this.huanjing:0],[this.kouwei:0],[this.xingjiabi:0],[this.grade:],[this.markedCount:0],[this.nickName:null],[this.cateType:null],[this.enable:false],[this.joinedDate:Mon Jul 22 20:28:05 CST 2013],[this.tags:[羊肉串, 手抓饭, 过油肉拌面, 烤包子]],[this.teses:null]
[this.name:清香斋饮食店],[this.address:虹口区海宁路326号],[this.telephone:021-63241926  ],[this.averageCost:33],[this.openTime:null],[this.closeTime:null],[this.description:null],[this.fuwu:0],[this.huanjing:0],[this.kouwei:0],[this.xingjiabi:0],[this.grade:100%],[this.markedCount:0],[this.nickName:null],[this.cateType:null],[this.enable:false],[this.joinedDate:Mon Jul 22 20:28:09 CST 2013],[this.tags:[]],[this.teses:null]
[this.name:新疆餐厅],[this.address:长宁区定西路825号(近延安西路)],[this.telephone:021-52580879  ],[this.averageCost:39],[this.openTime:null],[this.closeTime:null],[this.description:null],[this.fuwu:0],[this.huanjing:0],[this.kouwei:0],[this.xingjiabi:0],[this.grade:],[this.markedCount:0],[this.nickName:null],[this.cateType:null],[this.enable:false],[this.joinedDate:Mon Jul 22 20:28:05 CST 2013],[this.tags:[丁丁炒面, 炒面片, 羊肉串]],[this.teses:null]
[this.name:塔哈尔-新疆盛宴莘庄店],[this.address:闵行区梅陇西路2094号(近莘庄地铁南广场)],[this.telephone:021-64601544  ],[this.averageCost:58],[this.openTime:null],[this.closeTime:null],[this.description:null],[this.fuwu:0],[this.huanjing:0],[this.kouwei:0],[this.xingjiabi:0],[this.grade:100%],[this.markedCount:0],[this.nickName:null],[this.cateType:null],[this.enable:false],[this.joinedDate:Mon Jul 22 20:28:06 CST 2013],[this.tags:[凉皮, 大盘鸡, 囊包肉, 自制酸奶, 羊肉串]],[this.teses:null]
[this.name:双阳饭店],[this.address:杨浦区双阳路498号(近延吉路)],[this.telephone:021-65181001  ],[this.averageCost:44],[this.openTime:null],[this.closeTime:null],[this.description:null],[this.fuwu:0],[this.huanjing:0],[this.kouwei:0],[this.xingjiabi:0],[this.grade:],[this.markedCount:0],[this.nickName:null],[this.cateType:null],[this.enable:false],[this.joinedDate:Mon Jul 22 20:28:05 CST 2013],[this.tags:[铁板牛蛙]],[this.teses:null]
[this.name:乌鲁木齐餐厅],[this.address:闸北区康乐路205号(近天目东路)],[this.telephone:021-63245123  ],[this.averageCost:35],[this.openTime:null],[this.closeTime:null],[this.description:null],[this.fuwu:0],[this.huanjing:0],[this.kouwei:0],[this.xingjiabi:0],[this.grade:],[this.markedCount:0],[this.nickName:null],[this.cateType:null],[this.enable:false],[this.joinedDate:Mon Jul 22 20:28:06 CST 2013],[this.tags:[大盘鸡, 羊肉, 手抓饭]],[this.teses:null]
[this.name:一心斋],[this.address:杨浦区平凉路1503号(沪东工人文化宫对面)],[this.telephone:021-65432351  ],[this.averageCost:20],[this.openTime:null],[this.closeTime:null],[this.description:null],[this.fuwu:0],[this.huanjing:0],[this.kouwei:0],[this.xingjiabi:0],[this.grade:],[this.markedCount:0],[this.nickName:null],[this.cateType:null],[this.enable:false],[this.joinedDate:Mon Jul 22 20:28:04 CST 2013],[this.tags:[冷面, 盖浇饭, 牛肉煎包, 三黄鸡, 牛筋]],[this.teses:null]
[this.name:兰州面馆],[this.address:海阳路423号],[this.telephone:021-68323893  ],[this.averageCost:],[this.openTime:null],[this.closeTime:null],[this.description:null],[this.fuwu:0],[this.huanjing:0],[this.kouwei:0],[this.xingjiabi:0],[this.grade:],[this.markedCount:0],[this.nickName:null],[this.cateType:null],[this.enable:false],[this.joinedDate:Mon Jul 22 20:28:08 CST 2013],[this.tags:[]],[this.teses:null]
[this.name:回香斋清真小吃],[this.address:闸北区岭南路692],[this.telephone:021-59185575  ],[this.averageCost:],[this.openTime:null],[this.closeTime:null],[this.description:null],[this.fuwu:0],[this.huanjing:0],[this.kouwei:0],[this.xingjiabi:0],[this.grade:],[this.markedCount:0],[this.nickName:null],[this.cateType:null],[this.enable:false],[this.joinedDate:Mon Jul 22 20:28:19 CST 2013],[this.tags:[]],[this.teses:null]
[this.name:新疆特色],[this.address:地址:奉贤区奉炮公路100号上师大东...],[this.telephone:],[this.averageCost:9],[this.openTime:null],[this.closeTime:null],[this.description:null],[this.fuwu:0],[this.huanjing:0],[this.kouwei:0],[this.xingjiabi:0],[this.grade:],[this.markedCount:0],[this.nickName:null],[this.cateType:null],[this.enable:false],[this.joinedDate:Mon Jul 22 20:28:19 CST 2013],[this.tags:[大盘鸡]],[this.teses:null]
[this.name:巴旦木西域风情餐厅],[this.address:浦东新区苗圃路148号(近6号线北洋泾路站)],[this.telephone:021-58514850  ],[this.averageCost:49],[this.openTime:null],[this.closeTime:null],[this.description:null],[this.fuwu:0],[this.huanjing:0],[this.kouwei:0],[this.xingjiabi:0],[this.grade:],[this.markedCount:0],[this.nickName:null],[this.cateType:null],[this.enable:false],[this.joinedDate:Mon Jul 22 20:28:15 CST 2013],[this.tags:[羊肉串, 大盘鸡, 奶茶]],[this.teses:null]
[this.name:清真美食快餐馆],[this.address:路87号],[this.telephone:021-82738120  ],[this.averageCost:],[this.openTime:null],[this.closeTime:null],[this.description:null],[this.fuwu:0],[this.huanjing:0],[this.kouwei:0],[this.xingjiabi:0],[this.grade:],[this.markedCount:0],[this.nickName:null],[this.cateType:null],[this.enable:false],[this.joinedDate:Mon Jul 22 20:28:20 CST 2013],[this.tags:[]],[this.teses:null]
[this.name:五彩云霞民族饭店],[this.address:闵行区七莘路1718号(近闵行体育公园)],[this.telephone:021-54148707  ],[this.averageCost:48],[this.openTime:null],[this.closeTime:null],[this.description:null],[this.fuwu:0],[this.huanjing:0],[this.kouwei:0],[this.xingjiabi:0],[this.grade:],[this.markedCount:0],[this.nickName:null],[this.cateType:null],[this.enable:false],[this.joinedDate:Mon Jul 22 20:28:19 CST 2013],[this.tags:[羊肉锅贴]],[this.teses:null]
[this.name:沪西清真寺烤羊肉摊],[this.address:地址:普陀区常德路沪西清真寺门口(澳...],[this.telephone:],[this.averageCost:8],[this.openTime:null],[this.closeTime:null],[this.description:null],[this.fuwu:0],[this.huanjing:0],[this.kouwei:0],[this.xingjiabi:0],[this.grade:],[this.markedCount:0],[this.nickName:null],[this.cateType:null],[this.enable:false],[this.joinedDate:Mon Jul 22 20:28:15 CST 2013],[this.tags:[羊肉串]],[this.teses:null]
[this.name:新疆穆斯林顾客满意快餐厅],[this.address:虹口区乍浦路110],[this.telephone:021-66500350  ],[this.averageCost:],[this.openTime:null],[this.closeTime:null],[this.description:null],[this.fuwu:0],[this.huanjing:0],[this.kouwei:0],[this.xingjiabi:0],[this.grade:],[this.markedCount:0],[this.nickName:null],[this.cateType:null],[this.enable:false],[this.joinedDate:Mon Jul 22 20:28:18 CST 2013],[this.tags:[]],[this.teses:null]
[this.name:伊兰小厨],[this.address:徐汇区古美路(近漕宝路)],[this.telephone:021-64569852  ],[this.averageCost:15],[this.openTime:null],[this.closeTime:null],[this.description:null],[this.fuwu:0],[this.huanjing:0],[this.kouwei:0],[this.xingjiabi:0],[this.grade:],[this.markedCount:0],[this.nickName:null],[this.cateType:null],[this.enable:false],[this.joinedDate:Mon Jul 22 20:28:13 CST 2013],[this.tags:[]],[this.teses:null]
[this.name:西北穆斯林石泉路店],[this.address:普陀区石泉路98号],[this.telephone:021-62145709  ],[this.averageCost:36],[this.openTime:null],[this.closeTime:null],[this.description:null],[this.fuwu:0],[this.huanjing:0],[this.kouwei:0],[this.xingjiabi:0],[this.grade:],[this.markedCount:0],[this.nickName:null],[this.cateType:null],[this.enable:false],[this.joinedDate:Mon Jul 22 20:28:18 CST 2013],[this.tags:[炒拉条, 大盘鸡, 陕西凉皮, 孜然羊肉]],[this.teses:null]
[this.name:清真豫纪斋],[this.address:宝山区同泰北路403弄(近青岗路)],[this.telephone:021-56178654  ],[this.averageCost:50],[this.openTime:null],[this.closeTime:null],[this.description:null],[this.fuwu:0],[this.huanjing:0],[this.kouwei:0],[this.xingjiabi:0],[this.grade:],[this.markedCount:0],[this.nickName:null],[this.cateType:null],[this.enable:false],[this.joinedDate:Mon Jul 22 20:28:18 CST 2013],[this.tags:[烤金针菇, 羊肉串, 玉米烙, 手抓羊肉]],[this.teses:null]
[this.name:新疆外贸学校勤工俭学部],[this.address:乌奇公路19号],[this.telephone:021-2617331  ],[this.averageCost:],[this.openTime:null],[this.closeTime:null],[this.description:null],[this.fuwu:0],[this.huanjing:0],[this.kouwei:0],[this.xingjiabi:0],[this.grade:],[this.markedCount:0],[this.nickName:null],[this.cateType:null],[this.enable:false],[this.joinedDate:Mon Jul 22 20:28:29 CST 2013],[this.tags:[]],[this.teses:null]
[this.name:新疆乌鲁木齐市永红针织上海经营部],[this.address:南汇区南汇惠南镇城南东路122号],[this.telephone:021-58001643  ],[this.averageCost:],[this.openTime:null],[this.closeTime:null],[this.description:null],[this.fuwu:0],[this.huanjing:0],[this.kouwei:0],[this.xingjiabi:0],[this.grade:],[this.markedCount:0],[this.nickName:null],[this.cateType:null],[this.enable:false],[this.joinedDate:Mon Jul 22 20:28:30 CST 2013],[this.tags:[]],[this.teses:null]
[this.name:沙尘暴西域餐厅],[this.address:浦东新区浦东大道1096号(近桃林路)],[this.telephone:021-58607709  ],[this.averageCost:],[this.openTime:null],[this.closeTime:null],[this.description:null],[this.fuwu:0],[this.huanjing:0],[this.kouwei:0],[this.xingjiabi:0],[this.grade:],[this.markedCount:0],[this.nickName:null],[this.cateType:null],[this.enable:false],[this.joinedDate:Mon Jul 22 20:28:24 CST 2013],[this.tags:[烤羊排, 炒面, 馕包肉, 烤肉, 香烤羊拐]],[this.teses:null]
[this.name:西域盛宴],[this.address:徐汇区古美路1488号(漕宝路口)],[this.telephone:021-34011003  ],[this.averageCost:46],[this.openTime:null],[this.closeTime:null],[this.description:null],[this.fuwu:0],[this.huanjing:0],[this.kouwei:0],[this.xingjiabi:0],[this.grade:],[this.markedCount:0],[this.nickName:null],[this.cateType:null],[this.enable:false],[this.joinedDate:Mon Jul 22 20:28:22 CST 2013],[this.tags:[羊肉串, 酸奶, 丁丁炒面, 自制酸奶, 大盘鸡]],[this.teses:null]
[this.name:新疆玫瑰餐厅仙霞路店],[this.address:长宁区仙霞路686号(近安龙路)],[this.telephone:021-62611151  ],[this.averageCost:47],[this.openTime:null],[this.closeTime:null],[this.description:null],[this.fuwu:0],[this.huanjing:0],[this.kouwei:0],[this.xingjiabi:0],[this.grade:],[this.markedCount:0],[this.nickName:null],[this.cateType:null],[this.enable:false],[this.joinedDate:Mon Jul 22 20:28:24 CST 2013],[this.tags:[大盘鸡, 烤包子, 丁丁炒面, 过油肉拌面]],[this.teses:null]
[this.name:东海特色羊肉馆],[this.address:南汇区东海镇图海路3号],[this.telephone:021-68266561  ],[this.averageCost:],[this.openTime:null],[this.closeTime:null],[this.description:null],[this.fuwu:0],[this.huanjing:0],[this.kouwei:0],[this.xingjiabi:0],[this.grade:],[this.markedCount:0],[this.nickName:null],[this.cateType:null],[this.enable:false],[this.joinedDate:Mon Jul 22 20:28:32 CST 2013],[this.tags:[]],[this.teses:null]
[this.name:清真胖子烧烤],[this.address:长宁区仙霞西路589号(淞虹路口)],[this.telephone:  13818484484],[this.averageCost:22],[this.openTime:null],[this.closeTime:null],[this.description:null],[this.fuwu:0],[this.huanjing:0],[this.kouwei:0],[this.xingjiabi:0],[this.grade:],[this.markedCount:0],[this.nickName:null],[this.cateType:null],[this.enable:false],[this.joinedDate:Mon Jul 22 20:28:29 CST 2013],[this.tags:[羊肉串, 茄子, 金针菇, 脆骨, 馒头片, 玉米]],[this.teses:null]
[this.name:云龙清真拉面店],[this.address:杨浦区邯郸路500弄1号104室],[this.telephone:021-65508468  ],[this.averageCost:],[this.openTime:null],[this.closeTime:null],[this.description:null],[this.fuwu:0],[this.huanjing:0],[this.kouwei:0],[this.xingjiabi:0],[this.grade:],[this.markedCount:0],[this.nickName:null],[this.cateType:null],[this.enable:false],[this.joinedDate:Mon Jul 22 20:28:24 CST 2013],[this.tags:[]],[this.teses:null]
[this.name:方舟情美食],[this.address:上海浦东新区川沙镇妙镜路1136-58号],[this.telephone:  13482531182],[this.averageCost:],[this.openTime:null],[this.closeTime:null],[this.description:null],[this.fuwu:0],[this.huanjing:0],[this.kouwei:0],[this.xingjiabi:0],[this.grade:],[this.markedCount:0],[this.nickName:null],[this.cateType:null],[this.enable:false],[this.joinedDate:Mon Jul 22 20:28:30 CST 2013],[this.tags:[]],[this.teses:null]
[this.name:新疆饭店],[this.address:闵行区东川路交大校区对面],[this.telephone:021-54717679  ],[this.averageCost:35],[this.openTime:null],[this.closeTime:null],[this.description:null],[this.fuwu:0],[this.huanjing:0],[this.kouwei:0],[this.xingjiabi:0],[this.grade:],[this.markedCount:0],[this.nickName:null],[this.cateType:null],[this.enable:false],[this.joinedDate:Mon Jul 22 20:28:27 CST 2013],[this.tags:[大盘鸡, 烤肉炒饭, 孜然羊肉, 玉米烙]],[this.teses:null]
[this.name:清真兰州拉面],[this.address:地址:普陀区枣阳路长风公园对面],[this.telephone:],[this.averageCost:18],[this.openTime:null],[this.closeTime:null],[this.description:null],[this.fuwu:0],[this.huanjing:0],[this.kouwei:0],[this.xingjiabi:0],[this.grade:100%],[this.markedCount:0],[this.nickName:null],[this.cateType:null],[this.enable:false],[this.joinedDate:Mon Jul 22 20:28:38 CST 2013],[this.tags:[大盘鸡]],[this.teses:null]
[this.name:阿斯曼],[this.address:徐汇区复兴中路1251号(近襄阳南路)],[this.telephone:021-64711389  ],[this.averageCost:46],[this.openTime:null],[this.closeTime:null],[this.description:null],[this.fuwu:0],[this.huanjing:0],[this.kouwei:0],[this.xingjiabi:0],[this.grade:],[this.markedCount:0],[this.nickName:null],[this.cateType:null],[this.enable:false],[this.joinedDate:Mon Jul 22 20:28:36 CST 2013],[this.tags:[大盘鸡, 烤羊肉串, 羊肉串]],[this.teses:null]
[this.name:渔人湾清真餐厅],[this.address:浦东新区启航路900号浦东机场一号航站楼3楼国内出发大厅(近机场中路)],[this.telephone:021-68346863  ],[this.averageCost:],[this.openTime:null],[this.closeTime:null],[this.description:null],[this.fuwu:0],[this.huanjing:0],[this.kouwei:0],[this.xingjiabi:0],[this.grade:],[this.markedCount:0],[this.nickName:null],[this.cateType:null],[this.enable:false],[this.joinedDate:Mon Jul 22 20:28:39 CST 2013],[this.tags:[]],[this.teses:null]
[this.name:米娜餐吧],[this.address:浦东新区梅花路975-977号(近国际会展中心)],[this.telephone:021-50595337  ],[this.averageCost:67],[this.openTime:null],[this.closeTime:null],[this.description:null],[this.fuwu:0],[this.huanjing:0],[this.kouwei:0],[this.xingjiabi:0],[this.grade:],[this.markedCount:0],[this.nickName:null],[this.cateType:null],[this.enable:false],[this.joinedDate:Mon Jul 22 20:28:37 CST 2013],[this.tags:[馕炒肉, 大盘鸡, 烤鱼, 羊肉抓饭, 新疆啤酒]],[this.teses:null]
[this.name:回风楼],[this.address:黄浦区陆家浜路1088号会景楼大酒店(近大兴街)],[this.telephone:021-63773770  ],[this.averageCost:86],[this.openTime:null],[this.closeTime:null],[this.description:null],[this.fuwu:0],[this.huanjing:0],[this.kouwei:0],[this.xingjiabi:0],[this.grade:],[this.markedCount:0],[this.nickName:null],[this.cateType:null],[this.enable:false],[this.joinedDate:Mon Jul 22 20:28:37 CST 2013],[this.tags:[回风牛肉粒, 一品牛羊桶, 羊排, 草莓山药]],[this.teses:null]
[this.name:维吾尔餐厅],[this.address:静安区延安中路915号(近铜仁路)],[this.telephone:021-62892618  ],[this.averageCost:72],[this.openTime:null],[this.closeTime:null],[this.description:null],[this.fuwu:0],[this.huanjing:0],[this.kouwei:0],[this.xingjiabi:0],[this.grade:],[this.markedCount:0],[this.nickName:null],[this.cateType:null],[this.enable:false],[this.joinedDate:Mon Jul 22 20:28:38 CST 2013],[this.tags:[羊肉串, 烤羊腿]],[this.teses:null]
[this.name:国麟大饭店],[this.address:浦东新区成山路1658号],[this.telephone:021-50127628  ],[this.averageCost:85],[this.openTime:null],[this.closeTime:null],[this.description:null],[this.fuwu:0],[this.huanjing:0],[this.kouwei:0],[this.xingjiabi:0],[this.grade:],[this.markedCount:0],[this.nickName:null],[this.cateType:null],[this.enable:false],[this.joinedDate:Mon Jul 22 20:28:34 CST 2013],[this.tags:[大漠风沙鸡, 羊排, 羊羔肉, 手抓羊肉]],[this.teses:null]
[this.name:清真烧烤吧],[this.address:地址:浦东新区崂山路622号真康生清...],[this.telephone:],[this.averageCost:13],[this.openTime:null],[this.closeTime:null],[this.description:null],[this.fuwu:0],[this.huanjing:0],[this.kouwei:0],[this.xingjiabi:0],[this.grade:],[this.markedCount:0],[this.nickName:null],[this.cateType:null],[this.enable:false],[this.joinedDate:Mon Jul 22 20:28:38 CST 2013],[this.tags:[鸡脆骨, 羊肉串, 羊筋]],[this.teses:null]
[this.name:新疆雪莲花餐厅],[this.address:徐汇区老沪闵路689号(嘉登道酒店对面，梅陇路口)],[this.telephone:021-64232270  ],[this.averageCost:30],[this.openTime:null],[this.closeTime:null],[this.description:null],[this.fuwu:0],[this.huanjing:0],[this.kouwei:0],[this.xingjiabi:0],[this.grade:],[this.markedCount:0],[this.nickName:null],[this.cateType:null],[this.enable:false],[this.joinedDate:Mon Jul 22 20:28:34 CST 2013],[this.tags:[大盘鸡, 丁丁炒面, 羊肉串]],[this.teses:null]
[this.name:巴提克食尚餐吧],[this.address:松江区新松江路927弄开元地中海商业广场3057-3058号(人民北路口)],[this.telephone:021-67796699  ],[this.averageCost:60],[this.openTime:null],[this.closeTime:null],[this.description:null],[this.fuwu:0],[this.huanjing:0],[this.kouwei:0],[this.xingjiabi:0],[this.grade:],[this.markedCount:0],[this.nickName:null],[this.cateType:null],[this.enable:false],[this.joinedDate:Mon Jul 22 20:28:37 CST 2013],[this.tags:[阿凡提风味凉面肉, 蓝莓山药, 羊肉串]],[this.teses:null]
[this.name:伊品香饭店],[this.address:浦东新区科苑路1127号(近蔡伦路)],[this.telephone:021-50272716  ],[this.averageCost:10],[this.openTime:null],[this.closeTime:null],[this.description:null],[this.fuwu:0],[this.huanjing:0],[this.kouwei:0],[this.xingjiabi:0],[this.grade:],[this.markedCount:0],[this.nickName:null],[this.cateType:null],[this.enable:false],[this.joinedDate:Mon Jul 22 20:28:46 CST 2013],[this.tags:[]],[this.teses:null]
[this.name:塔哈尔-新疆盛宴曹家渡店],[this.address:长宁路61-63号(近万航渡路)],[this.telephone:021-52391779  ],[this.averageCost:],[this.openTime:null],[this.closeTime:null],[this.description:null],[this.fuwu:0],[this.huanjing:0],[this.kouwei:0],[this.xingjiabi:0],[this.grade:],[this.markedCount:0],[this.nickName:null],[this.cateType:null],[this.enable:false],[this.joinedDate:Mon Jul 22 20:28:44 CST 2013],[this.tags:[]],[this.teses:null]
[this.name:刀郎餐厅烧烤],[this.address:虹口区广灵二路173-180号(近水电路)],[this.telephone:021-65422911  ],[this.averageCost:],[this.openTime:null],[this.closeTime:null],[this.description:null],[this.fuwu:0],[this.huanjing:0],[this.kouwei:0],[this.xingjiabi:0],[this.grade:],[this.markedCount:0],[this.nickName:null],[this.cateType:null],[this.enable:false],[this.joinedDate:Mon Jul 22 20:28:41 CST 2013],[this.tags:[]],[this.teses:null]
[this.name:新疆佳安房地产开发责任有限公司],[this.address:地址:区南一路8号],[this.telephone:],[this.averageCost:],[this.openTime:null],[this.closeTime:null],[this.description:null],[this.fuwu:0],[this.huanjing:0],[this.kouwei:0],[this.xingjiabi:0],[this.grade:],[this.markedCount:0],[this.nickName:null],[this.cateType:null],[this.enable:false],[this.joinedDate:Mon Jul 22 20:28:45 CST 2013],[this.tags:[]],[this.teses:null]
[this.name:清真兰州拉面馆],[this.address:杨浦区盘山路(近第二军医大学西门)],[this.telephone:  15800465601],[this.averageCost:],[this.openTime:null],[this.closeTime:null],[this.description:null],[this.fuwu:0],[this.huanjing:0],[this.kouwei:0],[this.xingjiabi:0],[this.grade:],[this.markedCount:0],[this.nickName:null],[this.cateType:null],[this.enable:false],[this.joinedDate:Mon Jul 22 20:28:44 CST 2013],[this.tags:[干拌面, 大盘鸡]],[this.teses:null]
[this.name:瓦哈普羊肉串],[this.address:地址:静安区胶州路58号(近愚园路)],[this.telephone:],[this.averageCost:],[this.openTime:null],[this.closeTime:null],[this.description:null],[this.fuwu:0],[this.huanjing:0],[this.kouwei:0],[this.xingjiabi:0],[this.grade:],[this.markedCount:0],[this.nickName:null],[this.cateType:null],[this.enable:false],[this.joinedDate:Mon Jul 22 20:28:44 CST 2013],[this.tags:[羊肉串]],[this.teses:null]
[this.name:雪域情兰州牛肉面金杨路店],[this.address:浦东新区金杨路542号(近枣庄路)],[this.telephone:021-50703009  ],[this.averageCost:],[this.openTime:null],[this.closeTime:null],[this.description:null],[this.fuwu:0],[this.huanjing:0],[this.kouwei:0],[this.xingjiabi:0],[this.grade:],[this.markedCount:0],[this.nickName:null],[this.cateType:null],[this.enable:false],[this.joinedDate:Mon Jul 22 20:28:44 CST 2013],[this.tags:[]],[this.teses:null]
[this.name:清真拉面馆],[this.address:地址:浦东新区洪山路(齐河路口)],[this.telephone:],[this.averageCost:],[this.openTime:null],[this.closeTime:null],[this.description:null],[this.fuwu:0],[this.huanjing:0],[this.kouwei:0],[this.xingjiabi:0],[this.grade:],[this.markedCount:0],[this.nickName:null],[this.cateType:null],[this.enable:false],[this.joinedDate:Mon Jul 22 20:28:45 CST 2013],[this.tags:[]],[this.teses:null]
[this.name:小马清真烧烤],[this.address:地址:闸北区临汾路(近三泉路)],[this.telephone:],[this.averageCost:35],[this.openTime:null],[this.closeTime:null],[this.description:null],[this.fuwu:0],[this.huanjing:0],[this.kouwei:0],[this.xingjiabi:0],[this.grade:],[this.markedCount:0],[this.nickName:null],[this.cateType:null],[this.enable:false],[this.joinedDate:Mon Jul 22 20:28:41 CST 2013],[this.tags:[牛板筋, 鸡尖, 鸡心]],[this.teses:null]
[this.name:新疆风味],[this.address:长宁区茅台路51号(遵义路与娄山关路之间)],[this.telephone:  13917259352],[this.averageCost:37],[this.openTime:null],[this.closeTime:null],[this.description:null],[this.fuwu:0],[this.huanjing:0],[this.kouwei:0],[this.xingjiabi:0],[this.grade:],[this.markedCount:0],[this.nickName:null],[this.cateType:null],[this.enable:false],[this.joinedDate:Mon Jul 22 20:28:41 CST 2013],[this.tags:[拉条子, 炒馕, 烤羊肉, 烤羊肉串, 大盘鸡]],[this.teses:null]
[this.name:西域风情],[this.address:闵行区虹梅路休闲街15号],[this.telephone:021-64659822  ],[this.averageCost:],[this.openTime:null],[this.closeTime:null],[this.description:null],[this.fuwu:0],[this.huanjing:0],[this.kouwei:0],[this.xingjiabi:0],[this.grade:],[this.markedCount:0],[this.nickName:null],[this.cateType:null],[this.enable:false],[this.joinedDate:Mon Jul 22 20:28:51 CST 2013],[this.tags:[]],[this.teses:null]
[this.name:新疆喀什友好餐厅],[this.address:地址:浦东新区德平路42号(近浦东大...],[this.telephone:],[this.averageCost:47],[this.openTime:null],[this.closeTime:null],[this.description:null],[this.fuwu:0],[this.huanjing:0],[this.kouwei:0],[this.xingjiabi:0],[this.grade:],[this.markedCount:0],[this.nickName:null],[this.cateType:null],[this.enable:false],[this.joinedDate:Mon Jul 22 20:28:47 CST 2013],[this.tags:[过油肉拌面, 手抓饭, 烤羊肉串, 烤包子]],[this.teses:null]
[this.name:上海政法学院清真餐厅],[this.address:地址:青浦区外青松公路7989号(上...],[this.telephone:],[this.averageCost:8],[this.openTime:null],[this.closeTime:null],[this.description:null],[this.fuwu:0],[this.huanjing:0],[this.kouwei:0],[this.xingjiabi:0],[this.grade:],[this.markedCount:0],[this.nickName:null],[this.cateType:null],[this.enable:false],[this.joinedDate:Mon Jul 22 20:28:50 CST 2013],[this.tags:[大盘鸡]],[this.teses:null]
[this.name:西北穆斯林梅花路店],[this.address:浦东新区梅花路788弄(近海桐路)],[this.telephone:021-68451240  ],[this.averageCost:20],[this.openTime:null],[this.closeTime:null],[this.description:null],[this.fuwu:0],[this.huanjing:0],[this.kouwei:0],[this.xingjiabi:0],[this.grade:],[this.markedCount:0],[this.nickName:null],[this.cateType:null],[this.enable:false],[this.joinedDate:Mon Jul 22 20:28:47 CST 2013],[this.tags:[]],[this.teses:null]
[this.name:新疆伽师饭店],[this.address:宝山区聚丰园路55号弘基广场内(近祁连山路)],[this.telephone:021-66126667  ],[this.averageCost:],[this.openTime:null],[this.closeTime:null],[this.description:null],[this.fuwu:0],[this.huanjing:0],[this.kouwei:0],[this.xingjiabi:0],[this.grade:],[this.markedCount:0],[this.nickName:null],[this.cateType:null],[this.enable:false],[this.joinedDate:Mon Jul 22 20:28:52 CST 2013],[this.tags:[]],[this.teses:null]
[this.name:清香园食府],[this.address:静安区延平路210号(康定路口)],[this.telephone:  13621711154],[this.averageCost:],[this.openTime:null],[this.closeTime:null],[this.description:null],[this.fuwu:0],[this.huanjing:0],[this.kouwei:0],[this.xingjiabi:0],[this.grade:],[this.markedCount:0],[this.nickName:null],[this.cateType:null],[this.enable:false],[this.joinedDate:Mon Jul 22 20:28:51 CST 2013],[this.tags:[羊肉串]],[this.teses:null]
[this.name:浙江中路新疆羊肉串店],[this.address:地址:黄浦区浙江中路(广东路口)],[this.telephone:],[this.averageCost:8],[this.openTime:null],[this.closeTime:null],[this.description:null],[this.fuwu:0],[this.huanjing:0],[this.kouwei:0],[this.xingjiabi:0],[this.grade:],[this.markedCount:0],[this.nickName:null],[this.cateType:null],[this.enable:false],[this.joinedDate:Mon Jul 22 20:28:53 CST 2013],[this.tags:[羊肉串]],[this.teses:null]
[this.name:西北园],[this.address:长宁区荣华西道99弄6号101室],[this.telephone:021-62751858  ],[this.averageCost:16],[this.openTime:null],[this.closeTime:null],[this.description:null],[this.fuwu:0],[this.huanjing:0],[this.kouwei:0],[this.xingjiabi:0],[this.grade:],[this.markedCount:0],[this.nickName:null],[this.cateType:null],[this.enable:false],[this.joinedDate:Mon Jul 22 20:28:53 CST 2013],[this.tags:[]],[this.teses:null]
[this.name:新疆人特色菜田林店],[this.address:田林路118号后栋2楼],[this.telephone:021-34690591  ],[this.averageCost:],[this.openTime:null],[this.closeTime:null],[this.description:null],[this.fuwu:0],[this.huanjing:0],[this.kouwei:0],[this.xingjiabi:0],[this.grade:],[this.markedCount:0],[this.nickName:null],[this.cateType:null],[this.enable:false],[this.joinedDate:Mon Jul 22 20:28:50 CST 2013],[this.tags:[]],[this.teses:null]
[this.name:穆斯林饮食店乳山路店],[this.address:地址:浦东新区乳山路乳山二村乳山三村...],[this.telephone:],[this.averageCost:18],[this.openTime:null],[this.closeTime:null],[this.description:null],[this.fuwu:0],[this.huanjing:0],[this.kouwei:0],[this.xingjiabi:0],[this.grade:],[this.markedCount:0],[this.nickName:null],[this.cateType:null],[this.enable:false],[this.joinedDate:Mon Jul 22 20:28:50 CST 2013],[this.tags:[红烧羊肉]],[this.teses:null]
[this.name:兰州拉面],[this.address:浦东新区长岛路832号(近平度路)],[this.telephone:021-50252778  ],[this.averageCost:],[this.openTime:null],[this.closeTime:null],[this.description:null],[this.fuwu:0],[this.huanjing:0],[this.kouwei:0],[this.xingjiabi:0],[this.grade:],[this.markedCount:0],[this.nickName:null],[this.cateType:null],[this.enable:false],[this.joinedDate:Mon Jul 22 20:29:03 CST 2013],[this.tags:[]],[this.teses:null]
[this.name:古丽仙西域情餐厅闸北大宁国际店],[this.address:闸北区共和新路2008号大宁国际广场12座508铺],[this.telephone:021-61176050  ],[this.averageCost:],[this.openTime:null],[this.closeTime:null],[this.description:null],[this.fuwu:0],[this.huanjing:0],[this.kouwei:0],[this.xingjiabi:0],[this.grade:],[this.markedCount:0],[this.nickName:null],[this.cateType:null],[this.enable:false],[this.joinedDate:Mon Jul 22 20:29:00 CST 2013],[this.tags:[]],[this.teses:null]
[this.name:和甸清真食府],[this.address:青浦区徐泾镇卫家角沪青平公路北侧],[this.telephone:021-39853850  ],[this.averageCost:],[this.openTime:null],[this.closeTime:null],[this.description:null],[this.fuwu:0],[this.huanjing:0],[this.kouwei:0],[this.xingjiabi:0],[this.grade:],[this.markedCount:0],[this.nickName:null],[this.cateType:null],[this.enable:false],[this.joinedDate:Mon Jul 22 20:28:59 CST 2013],[this.tags:[]],[this.teses:null]
[this.name:新疆餐厅],[this.address:地址:闵行区东川路800号交大第二餐...],[this.telephone:],[this.averageCost:12],[this.openTime:null],[this.closeTime:null],[this.description:null],[this.fuwu:0],[this.huanjing:0],[this.kouwei:0],[this.xingjiabi:0],[this.grade:],[this.markedCount:0],[this.nickName:null],[this.cateType:null],[this.enable:false],[this.joinedDate:Mon Jul 22 20:29:02 CST 2013],[this.tags:[羊肉串, 小盘鸡面, 小盘鸡, 小盘鸡饭]],[this.teses:null]
[this.name:新疆拉面馆],[this.address:地址:静安区威海路755号文新报业对...],[this.telephone:],[this.averageCost:],[this.openTime:null],[this.closeTime:null],[this.description:null],[this.fuwu:0],[this.huanjing:0],[this.kouwei:0],[this.xingjiabi:0],[this.grade:],[this.markedCount:0],[this.nickName:null],[this.cateType:null],[this.enable:false],[this.joinedDate:Mon Jul 22 20:29:03 CST 2013],[this.tags:[大盘鸡]],[this.teses:null]
[this.name:交通大学医学院清真餐厅],[this.address:地址:卢湾区重庆南路227号交通大学...],[this.telephone:],[this.averageCost:7],[this.openTime:null],[this.closeTime:null],[this.description:null],[this.fuwu:0],[this.huanjing:0],[this.kouwei:0],[this.xingjiabi:0],[this.grade:],[this.markedCount:0],[this.nickName:null],[this.cateType:null],[this.enable:false],[this.joinedDate:Mon Jul 22 20:29:03 CST 2013],[this.tags:[牛肉拉面, 刀削面, 肉串]],[this.teses:null]
[this.name:正宗新疆餐厅],[this.address:地址:闸北区平型关路237号(近闸北...],[this.telephone:],[this.averageCost:44],[this.openTime:null],[this.closeTime:null],[this.description:null],[this.fuwu:0],[this.huanjing:0],[this.kouwei:0],[this.xingjiabi:0],[this.grade:],[this.markedCount:0],[this.nickName:null],[this.cateType:null],[this.enable:false],[this.joinedDate:Mon Jul 22 20:28:56 CST 2013],[this.tags:[大盘鸡, 羊肉串]],[this.teses:null]
[this.name:伊馨拉面],[this.address:浦东新区张江碧波路35号(近科苑路)],[this.telephone:021-50278928  ],[this.averageCost:10],[this.openTime:null],[this.closeTime:null],[this.description:null],[this.fuwu:0],[this.huanjing:0],[this.kouwei:0],[this.xingjiabi:0],[this.grade:],[this.markedCount:0],[this.nickName:null],[this.cateType:null],[this.enable:false],[this.joinedDate:Mon Jul 22 20:29:00 CST 2013],[this.tags:[]],[this.teses:null]
[this.name:新疆故乡烤羊肉],[this.address:地址:黄浦区云南路(延安中路)],[this.telephone:],[this.averageCost:7],[this.openTime:null],[this.closeTime:null],[this.description:null],[this.fuwu:0],[this.huanjing:0],[this.kouwei:0],[this.xingjiabi:0],[this.grade:],[this.markedCount:0],[this.nickName:null],[this.cateType:null],[this.enable:false],[this.joinedDate:Mon Jul 22 20:28:59 CST 2013],[this.tags:[羊肉串]],[this.teses:null]
[this.name:大自然水平面成山巴春店],[this.address:地址:浦东新区成山路1993号巴黎春...],[this.telephone:],[this.averageCost:],[this.openTime:null],[this.closeTime:null],[this.description:null],[this.fuwu:0],[this.huanjing:0],[this.kouwei:0],[this.xingjiabi:0],[this.grade:],[this.markedCount:0],[this.nickName:null],[this.cateType:null],[this.enable:false],[this.joinedDate:Mon Jul 22 20:28:59 CST 2013],[this.tags:[拉面]],[this.teses:null]
[this.name:丹来顺牛肉馅饼],[this.address:地址:闸北区延长路1725弄17幢1...],[this.telephone:],[this.averageCost:],[this.openTime:null],[this.closeTime:null],[this.description:null],[this.fuwu:0],[this.huanjing:0],[this.kouwei:0],[this.xingjiabi:0],[this.grade:],[this.markedCount:0],[this.nickName:null],[this.cateType:null],[this.enable:false],[this.joinedDate:Mon Jul 22 20:29:11 CST 2013],[this.tags:[]],[this.teses:null]
[this.name:塔哈尔-新疆盛宴日月光店],[this.address:徐家汇路618号日月光中心广场B2楼(近田子坊)],[this.telephone:021-60938301  ],[this.averageCost:],[this.openTime:null],[this.closeTime:null],[this.description:null],[this.fuwu:0],[this.huanjing:0],[this.kouwei:0],[this.xingjiabi:0],[this.grade:],[this.markedCount:0],[this.nickName:null],[this.cateType:null],[this.enable:false],[this.joinedDate:Mon Jul 22 20:29:05 CST 2013],[this.tags:[]],[this.teses:null]
[this.name:阿西娅],[this.address:地址:浦东新区南泉北路588号新大陆...],[this.telephone:],[this.averageCost:11],[this.openTime:null],[this.closeTime:null],[this.description:null],[this.fuwu:0],[this.huanjing:0],[this.kouwei:0],[this.xingjiabi:0],[this.grade:],[this.markedCount:0],[this.nickName:null],[this.cateType:null],[this.enable:false],[this.joinedDate:Mon Jul 22 20:29:08 CST 2013],[this.tags:[青海老酸奶, 羊肉串, 羊肉泡馍, 兰州炒饭]],[this.teses:null]
[this.name:新疆故乡烤肉店],[this.address:地址:黄浦区宁海东路(宁海东路云南南...],[this.telephone:],[this.averageCost:5],[this.openTime:null],[this.closeTime:null],[this.description:null],[this.fuwu:0],[this.huanjing:0],[this.kouwei:0],[this.xingjiabi:0],[this.grade:],[this.markedCount:0],[this.nickName:null],[this.cateType:null],[this.enable:false],[this.joinedDate:Mon Jul 22 20:29:05 CST 2013],[this.tags:[羊肉串]],[this.teses:null]
[this.name:清真永丰面馆],[this.address:地址:卢湾区吉安路254号(近复兴中...],[this.telephone:],[this.averageCost:],[this.openTime:null],[this.closeTime:null],[this.description:null],[this.fuwu:0],[this.huanjing:0],[this.kouwei:0],[this.xingjiabi:0],[this.grade:],[this.markedCount:0],[this.nickName:null],[this.cateType:null],[this.enable:false],[this.joinedDate:Mon Jul 22 20:29:09 CST 2013],[this.tags:[红烧羊肉面, 红烧牛肉面]],[this.teses:null]
[this.name:兰州伊光清真风味馆天宝路店],[this.address:虹口区天宝路1034号],[this.telephone:  15821163839],[this.averageCost:],[this.openTime:null],[this.closeTime:null],[this.description:null],[this.fuwu:0],[this.huanjing:0],[this.kouwei:0],[this.xingjiabi:0],[this.grade:],[this.markedCount:0],[this.nickName:null],[this.cateType:null],[this.enable:false],[this.joinedDate:Mon Jul 22 20:29:06 CST 2013],[this.tags:[]],[this.teses:null]
[this.name:食品公司清真饭店],[this.address:地址:宝山区南大路158弄旁边(近华...],[this.telephone:],[this.averageCost:],[this.openTime:null],[this.closeTime:null],[this.description:null],[this.fuwu:0],[this.huanjing:0],[this.kouwei:0],[this.xingjiabi:0],[this.grade:],[this.markedCount:0],[this.nickName:null],[this.cateType:null],[this.enable:false],[this.joinedDate:Mon Jul 22 20:29:05 CST 2013],[this.tags:[牛肉面, 红烧牛肉面]],[this.teses:null]
[this.name:兰州正宗牛肉拉面],[this.address:地址:罗秀路250号(近龙川路)],[this.telephone:],[this.averageCost:],[this.openTime:null],[this.closeTime:null],[this.description:null],[this.fuwu:0],[this.huanjing:0],[this.kouwei:0],[this.xingjiabi:0],[this.grade:],[this.markedCount:0],[this.nickName:null],[this.cateType:null],[this.enable:false],[this.joinedDate:Mon Jul 22 20:29:11 CST 2013],[this.tags:[]],[this.teses:null]
[this.name:清真穆斯林餐厅],[this.address:地址:杨浦区密云路508号(近赤峰路...],[this.telephone:],[this.averageCost:22],[this.openTime:null],[this.closeTime:null],[this.description:null],[this.fuwu:0],[this.huanjing:0],[this.kouwei:0],[this.xingjiabi:0],[this.grade:],[this.markedCount:0],[this.nickName:null],[this.cateType:null],[this.enable:false],[this.joinedDate:Mon Jul 22 20:29:06 CST 2013],[this.tags:[丁丁炒面, 炒面片, 小盘鸡, 拉面, 羊肉串]],[this.teses:null]
[this.name:皖乡情],[this.address:三达路69号近沈杜公路(航天博物馆附近)],[this.telephone:  15900525871],[this.averageCost:],[this.openTime:null],[this.closeTime:null],[this.description:null],[this.fuwu:0],[this.huanjing:0],[this.kouwei:0],[this.xingjiabi:0],[this.grade:],[this.markedCount:0],[this.nickName:null],[this.cateType:null],[this.enable:false],[this.joinedDate:Mon Jul 22 20:29:09 CST 2013],[this.tags:[]],[this.teses:null]
[this.name:马家羊肉鲜汤],[this.address:地址:虹口区万安路532号(近新市路...],[this.telephone:],[this.averageCost:],[this.openTime:null],[this.closeTime:null],[this.description:null],[this.fuwu:0],[this.huanjing:0],[this.kouwei:0],[this.xingjiabi:0],[this.grade:],[this.markedCount:0],[this.nickName:null],[this.cateType:null],[this.enable:false],[this.joinedDate:Mon Jul 22 20:29:17 CST 2013],[this.tags:[]],[this.teses:null]
[this.name:伊隆特清真牛肉面],[this.address:地址:闵行区莲花路1718号],[this.telephone:],[this.averageCost:],[this.openTime:null],[this.closeTime:null],[this.description:null],[this.fuwu:0],[this.huanjing:0],[this.kouwei:0],[this.xingjiabi:0],[this.grade:],[this.markedCount:0],[this.nickName:null],[this.cateType:null],[this.enable:false],[this.joinedDate:Mon Jul 22 20:29:16 CST 2013],[this.tags:[]],[this.teses:null]
[this.name:西域美食],[this.address:地址:浦东新区沪南公路3439弄万达...],[this.telephone:],[this.averageCost:],[this.openTime:null],[this.closeTime:null],[this.description:null],[this.fuwu:0],[this.huanjing:0],[this.kouwei:0],[this.xingjiabi:0],[this.grade:],[this.markedCount:0],[this.nickName:null],[this.cateType:null],[this.enable:false],[this.joinedDate:Mon Jul 22 20:29:17 CST 2013],[this.tags:[]],[this.teses:null]
[this.name:伊犁河餐厅],[this.address:地址:闸北区普善路28号(近大统路)],[this.telephone:],[this.averageCost:],[this.openTime:null],[this.closeTime:null],[this.description:null],[this.fuwu:0],[this.huanjing:0],[this.kouwei:0],[this.xingjiabi:0],[this.grade:],[this.markedCount:0],[this.nickName:null],[this.cateType:null],[this.enable:false],[this.joinedDate:Mon Jul 22 20:29:15 CST 2013],[this.tags:[]],[this.teses:null]
[this.name:新疆烧拷王],[this.address:地址:国和路877号],[this.telephone:],[this.averageCost:],[this.openTime:null],[this.closeTime:null],[this.description:null],[this.fuwu:0],[this.huanjing:0],[this.kouwei:0],[this.xingjiabi:0],[this.grade:],[this.markedCount:0],[this.nickName:null],[this.cateType:null],[this.enable:false],[this.joinedDate:Mon Jul 22 20:29:16 CST 2013],[this.tags:[]],[this.teses:null]
[this.name:新疆餐馆],[this.address:地址:闵行区虹梅南路(近梅陇路)],[this.telephone:],[this.averageCost:],[this.openTime:null],[this.closeTime:null],[this.description:null],[this.fuwu:0],[this.huanjing:0],[this.kouwei:0],[this.xingjiabi:0],[this.grade:],[this.markedCount:0],[this.nickName:null],[this.cateType:null],[this.enable:false],[this.joinedDate:Mon Jul 22 20:29:15 CST 2013],[this.tags:[]],[this.teses:null]
[this.name:精品牛肉面],[this.address:地址:杨浦区武东路(近武川路)],[this.telephone:],[this.averageCost:],[this.openTime:null],[this.closeTime:null],[this.description:null],[this.fuwu:0],[this.huanjing:0],[this.kouwei:0],[this.xingjiabi:0],[this.grade:],[this.markedCount:0],[this.nickName:null],[this.cateType:null],[this.enable:false],[this.joinedDate:Mon Jul 22 20:29:16 CST 2013],[this.tags:[]],[this.teses:null]
[this.name:伊斋牛肉拉面],[this.address:地址:闸北区闻喜路860号(近地铁一...],[this.telephone:],[this.averageCost:],[this.openTime:null],[this.closeTime:null],[this.description:null],[this.fuwu:0],[this.huanjing:0],[this.kouwei:0],[this.xingjiabi:0],[this.grade:],[this.markedCount:0],[this.nickName:null],[this.cateType:null],[this.enable:false],[this.joinedDate:Mon Jul 22 20:29:15 CST 2013],[this.tags:[]],[this.teses:null]
[this.name:清真拉面],[this.address:地址:闵行区佳宝路],[this.telephone:],[this.averageCost:],[this.openTime:null],[this.closeTime:null],[this.description:null],[this.fuwu:0],[this.huanjing:0],[this.kouwei:0],[this.xingjiabi:0],[this.grade:],[this.markedCount:0],[this.nickName:null],[this.cateType:null],[this.enable:false],[this.joinedDate:Mon Jul 22 20:29:18 CST 2013],[this.tags:[]],[this.teses:null]
[this.name:弘丰面馆],[this.address:地址:徐汇区建国西路273号梧桐花园...],[this.telephone:],[this.averageCost:],[this.openTime:null],[this.closeTime:null],[this.description:null],[this.fuwu:0],[this.huanjing:0],[this.kouwei:0],[this.xingjiabi:0],[this.grade:],[this.markedCount:0],[this.nickName:null],[this.cateType:null],[this.enable:false],[this.joinedDate:Mon Jul 22 20:29:20 CST 2013],[this.tags:[]],[this.teses:null]
[this.name:西北餐馆],[this.address:地址:杨浦区松花江路(近辉河路)],[this.telephone:],[this.averageCost:17],[this.openTime:null],[this.closeTime:null],[this.description:null],[this.fuwu:0],[this.huanjing:0],[this.kouwei:0],[this.xingjiabi:0],[this.grade:],[this.markedCount:0],[this.nickName:null],[this.cateType:null],[this.enable:false],[this.joinedDate:Mon Jul 22 20:29:19 CST 2013],[this.tags:[]],[this.teses:null]
[this.name:Caffelate],[this.address:地址:徐汇区襄阳南路92号(近永嘉路...],[this.telephone:],[this.averageCost:],[this.openTime:null],[this.closeTime:null],[this.description:null],[this.fuwu:0],[this.huanjing:0],[this.kouwei:0],[this.xingjiabi:0],[this.grade:],[this.markedCount:0],[this.nickName:null],[this.cateType:null],[this.enable:false],[this.joinedDate:Mon Jul 22 20:29:22 CST 2013],[this.tags:[]],[this.teses:null]
[this.name:味鲜阁],[this.address:地址:闸北区广中路909号(近共和新...],[this.telephone:],[this.averageCost:],[this.openTime:null],[this.closeTime:null],[this.description:null],[this.fuwu:0],[this.huanjing:0],[this.kouwei:0],[this.xingjiabi:0],[this.grade:],[this.markedCount:0],[this.nickName:null],[this.cateType:null],[this.enable:false],[this.joinedDate:Mon Jul 22 20:29:20 CST 2013],[this.tags:[]],[this.teses:null]
[this.name:宁阳酒家],[this.address:地址:浦东新区浦东南路1958号(近...],[this.telephone:],[this.averageCost:],[this.openTime:null],[this.closeTime:null],[this.description:null],[this.fuwu:0],[this.huanjing:0],[this.kouwei:0],[this.xingjiabi:0],[this.grade:],[this.markedCount:0],[this.nickName:null],[this.cateType:null],[this.enable:false],[this.joinedDate:Mon Jul 22 20:29:21 CST 2013],[this.tags:[]],[this.teses:null]
[this.name:丝路餐厅],[this.address:地址:徐汇区中山西路2331号(近凯...],[this.telephone:],[this.averageCost:],[this.openTime:null],[this.closeTime:null],[this.description:null],[this.fuwu:0],[this.huanjing:0],[this.kouwei:0],[this.xingjiabi:0],[this.grade:],[this.markedCount:0],[this.nickName:null],[this.cateType:null],[this.enable:false],[this.joinedDate:Mon Jul 22 20:29:22 CST 2013],[this.tags:[]],[this.teses:null]
[this.name:清真马记清香拉面王],[this.address:浦东新区浦东大道2639弄(居家桥路浦东大道)],[this.telephone:  15821192730],[this.averageCost:10],[this.openTime:null],[this.closeTime:null],[this.description:null],[this.fuwu:0],[this.huanjing:0],[this.kouwei:0],[this.xingjiabi:0],[this.grade:],[this.markedCount:0],[this.nickName:null],[this.cateType:null],[this.enable:false],[this.joinedDate:Mon Jul 22 20:29:20 CST 2013],[this.tags:[]],[this.teses:null]
[this.name:凯欣豪园门口羊肉串摊],[this.address:地址:长宁区汇川路88弄凯兴豪园门口...],[this.telephone:],[this.averageCost:],[this.openTime:null],[this.closeTime:null],[this.description:null],[this.fuwu:0],[this.huanjing:0],[this.kouwei:0],[this.xingjiabi:0],[this.grade:],[this.markedCount:0],[this.nickName:null],[this.cateType:null],[this.enable:false],[this.joinedDate:Mon Jul 22 20:29:22 CST 2013],[this.tags:[]],[this.teses:null]
[this.name:牛肉拉面],[this.address:地址:闸北区天目西路558号(近长安...],[this.telephone:],[this.averageCost:],[this.openTime:null],[this.closeTime:null],[this.description:null],[this.fuwu:0],[this.huanjing:0],[this.kouwei:0],[this.xingjiabi:0],[this.grade:],[this.markedCount:0],[this.nickName:null],[this.cateType:null],[this.enable:false],[this.joinedDate:Mon Jul 22 20:29:21 CST 2013],[this.tags:[]],[this.teses:null]
[this.name:阿尔法特餐厅],[this.address:地址:金山卫零路],[this.telephone:],[this.averageCost:],[this.openTime:null],[this.closeTime:null],[this.description:null],[this.fuwu:0],[this.huanjing:0],[this.kouwei:0],[this.xingjiabi:0],[this.grade:],[this.markedCount:0],[this.nickName:null],[this.cateType:null],[this.enable:false],[this.joinedDate:Mon Jul 22 20:29:19 CST 2013],[this.tags:[]],[this.teses:null]
[this.name:杉达学院清真食堂],[this.address:地址:浦东新区金海路2727号杉达学...],[this.telephone:],[this.averageCost:],[this.openTime:null],[this.closeTime:null],[this.description:null],[this.fuwu:0],[this.huanjing:0],[this.kouwei:0],[this.xingjiabi:0],[this.grade:],[this.markedCount:0],[this.nickName:null],[this.cateType:null],[this.enable:false],[this.joinedDate:Mon Jul 22 20:29:26 CST 2013],[this.tags:[]],[this.teses:null]
[this.name:西域美食],[this.address:地址:浦东新区顺翔路(近上海海事大学...],[this.telephone:],[this.averageCost:],[this.openTime:null],[this.closeTime:null],[this.description:null],[this.fuwu:0],[this.huanjing:0],[this.kouwei:0],[this.xingjiabi:0],[this.grade:],[this.markedCount:0],[this.nickName:null],[this.cateType:null],[this.enable:false],[this.joinedDate:Mon Jul 22 20:29:25 CST 2013],[this.tags:[]],[this.teses:null]
[this.name:清真千味拉面],[this.address:地址:浦东新区浦建路342号(近东方...],[this.telephone:],[this.averageCost:13],[this.openTime:null],[this.closeTime:null],[this.description:null],[this.fuwu:0],[this.huanjing:0],[this.kouwei:0],[this.xingjiabi:0],[this.grade:],[this.markedCount:0],[this.nickName:null],[this.cateType:null],[this.enable:false],[this.joinedDate:Mon Jul 22 20:29:24 CST 2013],[this.tags:[]],[this.teses:null]
[this.name:金巴依美食城],[this.address:奉贤区海思路999号华东理工大学北门附近],[this.telephone:  13818852941],[this.averageCost:],[this.openTime:null],[this.closeTime:null],[this.description:null],[this.fuwu:0],[this.huanjing:0],[this.kouwei:0],[this.xingjiabi:0],[this.grade:],[this.markedCount:0],[this.nickName:null],[this.cateType:null],[this.enable:false],[this.joinedDate:Mon Jul 22 20:29:28 CST 2013],[this.tags:[]],[this.teses:null]
[this.name:波斯腾清真馆],[this.address:普陀区宜川路299号(志丹路新村路间)],[this.telephone:  18721517177],[this.averageCost:],[this.openTime:null],[this.closeTime:null],[this.description:null],[this.fuwu:0],[this.huanjing:0],[this.kouwei:0],[this.xingjiabi:0],[this.grade:],[this.markedCount:0],[this.nickName:null],[this.cateType:null],[this.enable:false],[this.joinedDate:Mon Jul 22 20:29:26 CST 2013],[this.tags:[]],[this.teses:null]
[this.name:兰州正宗牛肉拉面],[this.address:地址:闵行区漕宝路3192号(近七宝...],[this.telephone:],[this.averageCost:],[this.openTime:null],[this.closeTime:null],[this.description:null],[this.fuwu:0],[this.huanjing:0],[this.kouwei:0],[this.xingjiabi:0],[this.grade:],[this.markedCount:0],[this.nickName:null],[this.cateType:null],[this.enable:false],[this.joinedDate:Mon Jul 22 20:29:28 CST 2013],[this.tags:[]],[this.teses:null]
[this.name:伊兰小厨],[this.address:地址:普陀区石泉路98号(近镇平路)],[this.telephone:],[this.averageCost:],[this.openTime:null],[this.closeTime:null],[this.description:null],[this.fuwu:0],[this.huanjing:0],[this.kouwei:0],[this.xingjiabi:0],[this.grade:],[this.markedCount:0],[this.nickName:null],[this.cateType:null],[this.enable:false],[this.joinedDate:Mon Jul 22 20:29:28 CST 2013],[this.tags:[]],[this.teses:null]
[this.name:新疆菜馆],[this.address:地址:闵行区莘庄(群英路疏影路)],[this.telephone:],[this.averageCost:],[this.openTime:null],[this.closeTime:null],[this.description:null],[this.fuwu:0],[this.huanjing:0],[this.kouwei:0],[this.xingjiabi:0],[this.grade:],[this.markedCount:0],[this.nickName:null],[this.cateType:null],[this.enable:false],[this.joinedDate:Mon Jul 22 20:29:27 CST 2013],[this.tags:[]],[this.teses:null]
[this.name:沈丘回族土菜馆],[this.address:地址:宝山区水产西路256号],[this.telephone:],[this.averageCost:],[this.openTime:null],[this.closeTime:null],[this.description:null],[this.fuwu:0],[this.huanjing:0],[this.kouwei:0],[this.xingjiabi:0],[this.grade:],[this.markedCount:0],[this.nickName:null],[this.cateType:null],[this.enable:false],[this.joinedDate:Mon Jul 22 20:29:26 CST 2013],[this.tags:[]],[this.teses:null]
[this.name:牛肉拉面馆],[this.address:地址:浦东新区长岛路],[this.telephone:],[this.averageCost:],[this.openTime:null],[this.closeTime:null],[this.description:null],[this.fuwu:0],[this.huanjing:0],[this.kouwei:0],[this.xingjiabi:0],[this.grade:],[this.markedCount:0],[this.nickName:null],[this.cateType:null],[this.enable:false],[this.joinedDate:Mon Jul 22 20:29:25 CST 2013],[this.tags:[]],[this.teses:null]
[this.name:兰州拉面],[this.address:地址:普陀区光新路164号(近光新路...],[this.telephone:],[this.averageCost:],[this.openTime:null],[this.closeTime:null],[this.description:null],[this.fuwu:0],[this.huanjing:0],[this.kouwei:0],[this.xingjiabi:0],[this.grade:],[this.markedCount:0],[this.nickName:null],[this.cateType:null],[this.enable:false],[this.joinedDate:Mon Jul 22 20:29:31 CST 2013],[this.tags:[]],[this.teses:null]
[this.name:清真兰州拉面],[this.address:地址:浦东新区浦东新区长青路89号(...],[this.telephone:],[this.averageCost:],[this.openTime:null],[this.closeTime:null],[this.description:null],[this.fuwu:0],[this.huanjing:0],[this.kouwei:0],[this.xingjiabi:0],[this.grade:],[this.markedCount:0],[this.nickName:null],[this.cateType:null],[this.enable:false],[this.joinedDate:Mon Jul 22 20:29:30 CST 2013],[this.tags:[]],[this.teses:null]
[this.name:安顺路清真拉面馆],[this.address:地址:安顺路(近中山西路)],[this.telephone:],[this.averageCost:],[this.openTime:null],[this.closeTime:null],[this.description:null],[this.fuwu:0],[this.huanjing:0],[this.kouwei:0],[this.xingjiabi:0],[this.grade:],[this.markedCount:0],[this.nickName:null],[this.cateType:null],[this.enable:false],[this.joinedDate:Mon Jul 22 20:29:32 CST 2013],[this.tags:[]],[this.teses:null]
[this.name:新疆餐厅],[this.address:地址:普陀区泾阳路321号(近棕榈路...],[this.telephone:],[this.averageCost:],[this.openTime:null],[this.closeTime:null],[this.description:null],[this.fuwu:0],[this.huanjing:0],[this.kouwei:0],[this.xingjiabi:0],[this.grade:],[this.markedCount:0],[this.nickName:null],[this.cateType:null],[this.enable:false],[this.joinedDate:Mon Jul 22 20:29:31 CST 2013],[this.tags:[]],[this.teses:null]
[this.name:兰州清真拉面馆],[this.address:地址:杨浦区彰武路48号110室同济...],[this.telephone:],[this.averageCost:10],[this.openTime:null],[this.closeTime:null],[this.description:null],[this.fuwu:0],[this.huanjing:0],[this.kouwei:0],[this.xingjiabi:0],[this.grade:],[this.markedCount:0],[this.nickName:null],[this.cateType:null],[this.enable:false],[this.joinedDate:Mon Jul 22 20:29:31 CST 2013],[this.tags:[]],[this.teses:null]
[this.name:大自然水平面迎春路店],[this.address:地址:浦东新区迎春路817号(近金松...],[this.telephone:],[this.averageCost:22],[this.openTime:null],[this.closeTime:null],[this.description:null],[this.fuwu:0],[this.huanjing:0],[this.kouwei:0],[this.xingjiabi:0],[this.grade:],[this.markedCount:0],[this.nickName:null],[this.cateType:null],[this.enable:false],[this.joinedDate:Mon Jul 22 20:29:30 CST 2013],[this.tags:[]],[this.teses:null]
[this.name:清真兰州拉面馆],[this.address:地址:黄浦区复兴中路62号(近东台路...],[this.telephone:],[this.averageCost:],[this.openTime:null],[this.closeTime:null],[this.description:null],[this.fuwu:0],[this.huanjing:0],[this.kouwei:0],[this.xingjiabi:0],[this.grade:],[this.markedCount:0],[this.nickName:null],[this.cateType:null],[this.enable:false],[this.joinedDate:Mon Jul 22 20:29:32 CST 2013],[this.tags:[]],[this.teses:null]
[this.name:阿凡提],[this.address:地址:普陀区交通路1333号克拉玛依...],[this.telephone:],[this.averageCost:],[this.openTime:null],[this.closeTime:null],[this.description:null],[this.fuwu:0],[this.huanjing:0],[this.kouwei:0],[this.xingjiabi:0],[this.grade:],[this.markedCount:0],[this.nickName:null],[this.cateType:null],[this.enable:false],[this.joinedDate:Mon Jul 22 20:29:30 CST 2013],[this.tags:[]],[this.teses:null]
[this.name:清真餐厅],[this.address:地址:普陀区中山北路3663号华东师...],[this.telephone:],[this.averageCost:],[this.openTime:null],[this.closeTime:null],[this.description:null],[this.fuwu:0],[this.huanjing:0],[this.kouwei:0],[this.xingjiabi:0],[this.grade:],[this.markedCount:0],[this.nickName:null],[this.cateType:null],[this.enable:false],[this.joinedDate:Mon Jul 22 20:29:31 CST 2013],[this.tags:[]],[this.teses:null]
[this.name:伊聚德],[this.address:地址:徐汇区凯旋路183号(近三号线...],[this.telephone:],[this.averageCost:],[this.openTime:null],[this.closeTime:null],[this.description:null],[this.fuwu:0],[this.huanjing:0],[this.kouwei:0],[this.xingjiabi:0],[this.grade:],[this.markedCount:0],[this.nickName:null],[this.cateType:null],[this.enable:false],[this.joinedDate:Mon Jul 22 20:29:32 CST 2013],[this.tags:[]],[this.teses:null]
[this.name:兰州精品牛肉拉面],[this.address:地址:闸北区大统路389号],[this.telephone:],[this.averageCost:],[this.openTime:null],[this.closeTime:null],[this.description:null],[this.fuwu:0],[this.huanjing:0],[this.kouwei:0],[this.xingjiabi:0],[this.grade:],[this.markedCount:0],[this.nickName:null],[this.cateType:null],[this.enable:false],[this.joinedDate:Mon Jul 22 20:29:38 CST 2013],[this.tags:[]],[this.teses:null]
[this.name:创辉租售清真路],[this.address:地址:哈尔滨清真路附近],[this.telephone:],[this.averageCost:],[this.openTime:null],[this.closeTime:null],[this.description:null],[this.fuwu:0],[this.huanjing:0],[this.kouwei:0],[this.xingjiabi:0],[this.grade:],[this.markedCount:0],[this.nickName:null],[this.cateType:null],[this.enable:false],[this.joinedDate:Mon Jul 22 20:29:40 CST 2013],[this.tags:[]],[this.teses:null]
[this.name:老马伊瑞斋],[this.address:地址:普陀区新会路498号(近胶州路...],[this.telephone:],[this.averageCost:],[this.openTime:null],[this.closeTime:null],[this.description:null],[this.fuwu:0],[this.huanjing:0],[this.kouwei:0],[this.xingjiabi:0],[this.grade:],[this.markedCount:0],[this.nickName:null],[this.cateType:null],[this.enable:false],[this.joinedDate:Mon Jul 22 20:29:34 CST 2013],[this.tags:[]],[this.teses:null]
[this.name:西北风味馆],[this.address:地址:虹口区密云路354号],[this.telephone:],[this.averageCost:],[this.openTime:null],[this.closeTime:null],[this.description:null],[this.fuwu:0],[this.huanjing:0],[this.kouwei:0],[this.xingjiabi:0],[this.grade:],[this.markedCount:0],[this.nickName:null],[this.cateType:null],[this.enable:false],[this.joinedDate:Mon Jul 22 20:29:35 CST 2013],[this.tags:[]],[this.teses:null]
[this.name:新疆哈里木烧烤],[this.address:地址:松江区文汇路800弄松江大学城...],[this.telephone:],[this.averageCost:7],[this.openTime:null],[this.closeTime:null],[this.description:null],[this.fuwu:0],[this.huanjing:0],[this.kouwei:0],[this.xingjiabi:0],[this.grade:],[this.markedCount:0],[this.nickName:null],[this.cateType:null],[this.enable:false],[this.joinedDate:Mon Jul 22 20:29:43 CST 2013],[this.tags:[]],[this.teses:null]
[this.name:洪长兴襄阳路店],[this.address:地址:徐汇区襄阳南路338号(近永嘉...],[this.telephone:],[this.averageCost:],[this.openTime:null],[this.closeTime:null],[this.description:null],[this.fuwu:0],[this.huanjing:0],[this.kouwei:0],[this.xingjiabi:0],[this.grade:],[this.markedCount:0],[this.nickName:null],[this.cateType:null],[this.enable:false],[this.joinedDate:Mon Jul 22 20:29:42 CST 2013],[this.tags:[]],[this.teses:null]
[this.name:伊清斋梅龙镇店],[this.address:地址:静安区南京西路1038号梅龙镇...],[this.telephone:],[this.averageCost:],[this.openTime:null],[this.closeTime:null],[this.description:null],[this.fuwu:0],[this.huanjing:0],[this.kouwei:0],[this.xingjiabi:0],[this.grade:],[this.markedCount:0],[this.nickName:null],[this.cateType:null],[this.enable:false],[this.joinedDate:Mon Jul 22 20:29:35 CST 2013],[this.tags:[]],[this.teses:null]
[this.name:清真西部牛仔面馆],[this.address:地址:黄浦区四川中路152号(近福州...],[this.telephone:],[this.averageCost:],[this.openTime:null],[this.closeTime:null],[this.description:null],[this.fuwu:0],[this.huanjing:0],[this.kouwei:0],[this.xingjiabi:0],[this.grade:],[this.markedCount:0],[this.nickName:null],[this.cateType:null],[this.enable:false],[this.joinedDate:Mon Jul 22 20:29:40 CST 2013],[this.tags:[]],[this.teses:null]
[this.name:新疆风味营养馕烤肉],[this.address:地址:普陀区轻轨三号线镇坪路站3号口...],[this.telephone:],[this.averageCost:],[this.openTime:null],[this.closeTime:null],[this.description:null],[this.fuwu:0],[this.huanjing:0],[this.kouwei:0],[this.xingjiabi:0],[this.grade:],[this.markedCount:0],[this.nickName:null],[this.cateType:null],[this.enable:false],[this.joinedDate:Mon Jul 22 20:29:35 CST 2013],[this.tags:[]],[this.teses:null]
[this.name:海事大学临港校区清真餐厅],[this.address:地址:浦东新区临港新城海港大道155...],[this.telephone:],[this.averageCost:],[this.openTime:null],[this.closeTime:null],[this.description:null],[this.fuwu:0],[this.huanjing:0],[this.kouwei:0],[this.xingjiabi:0],[this.grade:],[this.markedCount:0],[this.nickName:null],[this.cateType:null],[this.enable:false],[this.joinedDate:Mon Jul 22 20:29:34 CST 2013],[this.tags:[]],[this.teses:null]
[this.name:兰州拉面],[this.address:地址:杨浦区国定路(黄兴路口)],[this.telephone:],[this.averageCost:],[this.openTime:null],[this.closeTime:null],[this.description:null],[this.fuwu:0],[this.huanjing:0],[this.kouwei:0],[this.xingjiabi:0],[this.grade:],[this.markedCount:0],[this.nickName:null],[this.cateType:null],[this.enable:false],[this.joinedDate:Mon Jul 22 20:29:46 CST 2013],[this.tags:[]],[this.teses:null]
[this.name:西域风味美食],[this.address:地址:静安区长寿路822弄83号],[this.telephone:],[this.averageCost:],[this.openTime:null],[this.closeTime:null],[this.description:null],[this.fuwu:0],[this.huanjing:0],[this.kouwei:0],[this.xingjiabi:0],[this.grade:],[this.markedCount:0],[this.nickName:null],[this.cateType:null],[this.enable:false],[this.joinedDate:Mon Jul 22 20:29:46 CST 2013],[this.tags:[]],[this.teses:null]
[this.name:新疆伊德回民餐厅],[this.address:地址:浦东新区上南路3521号宝丰综...],[this.telephone:],[this.averageCost:],[this.openTime:null],[this.closeTime:null],[this.description:null],[this.fuwu:0],[this.huanjing:0],[this.kouwei:0],[this.xingjiabi:0],[this.grade:],[this.markedCount:0],[this.nickName:null],[this.cateType:null],[this.enable:false],[this.joinedDate:Mon Jul 22 20:29:46 CST 2013],[this.tags:[]],[this.teses:null]
[this.name:马记烧烤],[this.address:浦东新区玉兰路(梅花路口)],[this.telephone:  15800715420],[this.averageCost:],[this.openTime:null],[this.closeTime:null],[this.description:null],[this.fuwu:0],[this.huanjing:0],[this.kouwei:0],[this.xingjiabi:0],[this.grade:],[this.markedCount:0],[this.nickName:null],[this.cateType:null],[this.enable:false],[this.joinedDate:Mon Jul 22 20:29:44 CST 2013],[this.tags:[]],[this.teses:null]
[this.name:大漠马家源美食村],[this.address:地址:浦东新区云莲路426号(近昌里...],[this.telephone:],[this.averageCost:18],[this.openTime:null],[this.closeTime:null],[this.description:null],[this.fuwu:0],[this.huanjing:0],[this.kouwei:0],[this.xingjiabi:0],[this.grade:],[this.markedCount:0],[this.nickName:null],[this.cateType:null],[this.enable:false],[this.joinedDate:Mon Jul 22 20:29:46 CST 2013],[this.tags:[]],[this.teses:null]
[this.name:兰州正宗牛肉面],[this.address:闸北区共和新路1506号(近洛川中路)],[this.telephone:  13127933855],[this.averageCost:10],[this.openTime:null],[this.closeTime:null],[this.description:null],[this.fuwu:0],[this.huanjing:0],[this.kouwei:0],[this.xingjiabi:0],[this.grade:],[this.markedCount:0],[this.nickName:null],[this.cateType:null],[this.enable:false],[this.joinedDate:Mon Jul 22 20:29:45 CST 2013],[this.tags:[]],[this.teses:null]
[this.name:新疆巴楚快餐厅],[this.address:地址:闸北区芷江西路647号(近普善...],[this.telephone:],[this.averageCost:],[this.openTime:null],[this.closeTime:null],[this.description:null],[this.fuwu:0],[this.huanjing:0],[this.kouwei:0],[this.xingjiabi:0],[this.grade:],[this.markedCount:0],[this.nickName:null],[this.cateType:null],[this.enable:false],[this.joinedDate:Mon Jul 22 20:29:45 CST 2013],[this.tags:[]],[this.teses:null]
[this.name:清真餐厅],[this.address:地址:浦东新区浦东国际机场t1航站楼],[this.telephone:],[this.averageCost:],[this.openTime:null],[this.closeTime:null],[this.description:null],[this.fuwu:0],[this.huanjing:0],[this.kouwei:0],[this.xingjiabi:0],[this.grade:],[this.markedCount:0],[this.nickName:null],[this.cateType:null],[this.enable:false],[this.joinedDate:Mon Jul 22 20:29:49 CST 2013],[this.tags:[]],[this.teses:null]
[this.name:高原拉面],[this.address:普陀区富平路943号(近水泉路)],[this.telephone:  13262590219],[this.averageCost:],[this.openTime:null],[this.closeTime:null],[this.description:null],[this.fuwu:0],[this.huanjing:0],[this.kouwei:0],[this.xingjiabi:0],[this.grade:],[this.markedCount:0],[this.nickName:null],[this.cateType:null],[this.enable:false],[this.joinedDate:Mon Jul 22 20:29:49 CST 2013],[this.tags:[]],[this.teses:null]
[this.name:回香斋烧烤],[this.address:宝山区水产西路145号],[this.telephone:  13524497743],[this.averageCost:],[this.openTime:null],[this.closeTime:null],[this.description:null],[this.fuwu:0],[this.huanjing:0],[this.kouwei:0],[this.xingjiabi:0],[this.grade:],[this.markedCount:0],[this.nickName:null],[this.cateType:null],[this.enable:false],[this.joinedDate:Mon Jul 22 20:29:45 CST 2013],[this.tags:[]],[this.teses:null]
[this.name:清真精品牛肉面王],[this.address:徐汇区罗秀路908号(近天等路)],[this.telephone:  15721269125],[this.averageCost:],[this.openTime:null],[this.closeTime:null],[this.description:null],[this.fuwu:0],[this.huanjing:0],[this.kouwei:0],[this.xingjiabi:0],[this.grade:],[this.markedCount:0],[this.nickName:null],[this.cateType:null],[this.enable:false],[this.joinedDate:Mon Jul 22 20:29:53 CST 2013],[this.tags:[]],[this.teses:null]
[this.name:新疆清真],[this.address:地址:黄浦区西藏南路666号易买得附...],[this.telephone:],[this.averageCost:],[this.openTime:null],[this.closeTime:null],[this.description:null],[this.fuwu:0],[this.huanjing:0],[this.kouwei:0],[this.xingjiabi:0],[this.grade:],[this.markedCount:0],[this.nickName:null],[this.cateType:null],[this.enable:false],[this.joinedDate:Mon Jul 22 20:29:51 CST 2013],[this.tags:[]],[this.teses:null]
[this.name:星月清真拉面馆],[this.address:地址:普陀区石泉路(近镇坪路)],[this.telephone:],[this.averageCost:],[this.openTime:null],[this.closeTime:null],[this.description:null],[this.fuwu:0],[this.huanjing:0],[this.kouwei:0],[this.xingjiabi:0],[this.grade:],[this.markedCount:0],[this.nickName:null],[this.cateType:null],[this.enable:false],[this.joinedDate:Mon Jul 22 20:29:53 CST 2013],[this.tags:[]],[this.teses:null]
[this.name:西域美食园],[this.address:地址:浦东新区源深路127号(近浦东...],[this.telephone:],[this.averageCost:],[this.openTime:null],[this.closeTime:null],[this.description:null],[this.fuwu:0],[this.huanjing:0],[this.kouwei:0],[this.xingjiabi:0],[this.grade:],[this.markedCount:0],[this.nickName:null],[this.cateType:null],[this.enable:false],[this.joinedDate:Mon Jul 22 20:29:52 CST 2013],[this.tags:[]],[this.teses:null]
[this.name:伊清斋峨山路店],[this.address:地址:浦东新区峨山路91弄120号陆...],[this.telephone:],[this.averageCost:13],[this.openTime:null],[this.closeTime:null],[this.description:null],[this.fuwu:0],[this.huanjing:0],[this.kouwei:0],[this.xingjiabi:0],[this.grade:],[this.markedCount:0],[this.nickName:null],[this.cateType:null],[this.enable:false],[this.joinedDate:Mon Jul 22 20:29:51 CST 2013],[this.tags:[]],[this.teses:null]
[this.name:沙漠新疆餐厅],[this.address:地址:闵行区虹梅路凌云新村小弄堂内(...],[this.telephone:],[this.averageCost:],[this.openTime:null],[this.closeTime:null],[this.description:null],[this.fuwu:0],[this.huanjing:0],[this.kouwei:0],[this.xingjiabi:0],[this.grade:],[this.markedCount:0],[this.nickName:null],[this.cateType:null],[this.enable:false],[this.joinedDate:Mon Jul 22 20:29:51 CST 2013],[this.tags:[]],[this.teses:null]
[this.name:清真牛肉面],[this.address:地址:闸北区天目中路375号(近海宁...],[this.telephone:],[this.averageCost:8],[this.openTime:null],[this.closeTime:null],[this.description:null],[this.fuwu:0],[this.huanjing:0],[this.kouwei:0],[this.xingjiabi:0],[this.grade:],[this.markedCount:0],[this.nickName:null],[this.cateType:null],[this.enable:false],[this.joinedDate:Mon Jul 22 20:29:52 CST 2013],[this.tags:[]],[this.teses:null]
[this.name:西疆风味馆],[this.address:地址:徐汇区天钥桥路(近南丹东路)],[this.telephone:],[this.averageCost:],[this.openTime:null],[this.closeTime:null],[this.description:null],[this.fuwu:0],[this.huanjing:0],[this.kouwei:0],[this.xingjiabi:0],[this.grade:],[this.markedCount:0],[this.nickName:null],[this.cateType:null],[this.enable:false],[this.joinedDate:Mon Jul 22 20:29:52 CST 2013],[this.tags:[]],[this.teses:null]
[this.name:七宝土特产],[this.address:地址:虹口区东江湾路92号(近宝山路...],[this.telephone:],[this.averageCost:],[this.openTime:null],[this.closeTime:null],[this.description:null],[this.fuwu:0],[this.huanjing:0],[this.kouwei:0],[this.xingjiabi:0],[this.grade:],[this.markedCount:0],[this.nickName:null],[this.cateType:null],[this.enable:false],[this.joinedDate:Mon Jul 22 20:29:52 CST 2013],[this.tags:[]],[this.teses:null]
[this.name:小马面],[this.address:地址:浦东新区巨野路(近栖山路)],[this.telephone:],[this.averageCost:],[this.openTime:null],[this.closeTime:null],[this.description:null],[this.fuwu:0],[this.huanjing:0],[this.kouwei:0],[this.xingjiabi:0],[this.grade:],[this.markedCount:0],[this.nickName:null],[this.cateType:null],[this.enable:false],[this.joinedDate:Mon Jul 22 20:29:53 CST 2013],[this.tags:[]],[this.teses:null]
[this.name:真亚牛肉面],[this.address:地址:黄浦区江西中路46号(近广东路...],[this.telephone:],[this.averageCost:],[this.openTime:null],[this.closeTime:null],[this.description:null],[this.fuwu:0],[this.huanjing:0],[this.kouwei:0],[this.xingjiabi:0],[this.grade:],[this.markedCount:0],[this.nickName:null],[this.cateType:null],[this.enable:false],[this.joinedDate:Mon Jul 22 20:29:55 CST 2013],[this.tags:[]],[this.teses:null]
